-- --------------------------------------------------------
-- Host:                         localhost
-- Server version:               10.4.11-MariaDB - mariadb.org binary distribution
-- Server OS:                    Win64
-- HeidiSQL Version:             11.0.0.5919
-- --------------------------------------------------------

/*!40101 SET @OLD_CHARACTER_SET_CLIENT=@@CHARACTER_SET_CLIENT */;
/*!40101 SET NAMES utf8 */;
/*!50503 SET NAMES utf8mb4 */;
/*!40014 SET @OLD_FOREIGN_KEY_CHECKS=@@FOREIGN_KEY_CHECKS, FOREIGN_KEY_CHECKS=0 */;
/*!40101 SET @OLD_SQL_MODE=@@SQL_MODE, SQL_MODE='NO_AUTO_VALUE_ON_ZERO' */;


-- Dumping database structure for hoolitels
DROP DATABASE IF EXISTS `hoolitels`;
CREATE DATABASE IF NOT EXISTS `hoolitels` /*!40100 DEFAULT CHARACTER SET utf8mb4 */;
USE `hoolitels`;

-- Dumping structure for table hoolitels.amenity
CREATE TABLE IF NOT EXISTS `amenity` (
  `id` int(11) NOT NULL AUTO_INCREMENT,
  `name` varchar(50) NOT NULL DEFAULT '0',
  PRIMARY KEY (`id`) USING BTREE,
  UNIQUE KEY `name` (`name`)
) ENGINE=InnoDB AUTO_INCREMENT=5 DEFAULT CHARSET=utf8mb4;

-- Dumping data for table hoolitels.amenity: ~4 rows (approximately)
/*!40000 ALTER TABLE `amenity` DISABLE KEYS */;
INSERT INTO `amenity` (`id`, `name`) VALUES
	(3, 'Barnklubb'),
	(2, 'Kvällsunderhållning'),
	(1, 'Pool'),
	(4, 'Restaurang');
/*!40000 ALTER TABLE `amenity` ENABLE KEYS */;

-- Dumping structure for table hoolitels.booking
CREATE TABLE IF NOT EXISTS `booking` (
  `id` int(11) NOT NULL AUTO_INCREMENT,
  `user_id` int(11) NOT NULL DEFAULT 0,
  `num_adults` int(11) unsigned NOT NULL DEFAULT 0,
  `num_children` int(11) unsigned NOT NULL DEFAULT 0,
  `num_infants` int(11) unsigned NOT NULL DEFAULT 0,
  `start_date` date NOT NULL,
  `end_date` date NOT NULL,
  `comment` varchar(500) DEFAULT '0',
  `paid` bit(1) NOT NULL DEFAULT b'0',
  PRIMARY KEY (`id`) USING BTREE,
  KEY `FK_booking_user` (`user_id`) USING BTREE,
  CONSTRAINT `FK_booking_user` FOREIGN KEY (`user_id`) REFERENCES `user` (`id`)
) ENGINE=InnoDB AUTO_INCREMENT=30 DEFAULT CHARSET=utf8mb4;

-- Dumping data for table hoolitels.booking: ~15 rows (approximately)
/*!40000 ALTER TABLE `booking` DISABLE KEYS */;
INSERT INTO `booking` (`id`, `user_id`, `num_adults`, `num_children`, `num_infants`, `start_date`, `end_date`, `comment`, `paid`) VALUES
	(1, 1331, 1, 0, 0, '2020-04-18', '2020-04-20', '0', b'0'),
	(2, 1841, 2, 2, 0, '2020-04-25', '2020-04-29', '0', b'0'),
	(4, 1063, 1, 0, 0, '2020-05-10', '2020-05-20', '0', b'0'),
	(5, 1063, 1, 0, 0, '2020-05-22', '2020-05-25', '0', b'0'),
	(10, 1064, 2, 2, 0, '2020-05-22', '2020-05-25', '0', b'0'),
	(11, 1064, 2, 2, 0, '2020-05-22', '2020-05-25', '0', b'0'),
	(21, 1064, 2, 2, 0, '2020-06-12', '2020-06-15', '0', b'0'),
	(22, 1065, 2, 2, 0, '2020-07-22', '2020-07-25', '0', b'0'),
	(23, 1406, 1, 1, 0, '2020-08-10', '2020-08-15', '0', b'0'),
	(24, 1732, 1, 0, 0, '2020-09-01', '2020-09-03', '0', b'0'),
	(25, 1064, 2, 2, 0, '2020-07-12', '2020-07-15', '0', b'0'),
	(26, 1802, 2, 2, 0, '2020-09-21', '2020-09-23', '0', b'0'),
	(27, 1802, 2, 2, 0, '2020-09-25', '2020-09-27', '0', b'0'),
	(28, 1802, 2, 2, 0, '2020-09-28', '2020-09-29', '0', b'0'),
	(29, 1802, 2, 2, 0, '2020-09-29', '2020-09-30', '0', b'0');
/*!40000 ALTER TABLE `booking` ENABLE KEYS */;

-- Dumping structure for table hoolitels.cart_items
CREATE TABLE IF NOT EXISTS `cart_items` (
  `id` int(11) unsigned NOT NULL AUTO_INCREMENT,
  `food` int(11) NOT NULL,
  `amount` int(11) NOT NULL DEFAULT 1,
  `user` int(11) NOT NULL,
  PRIMARY KEY (`id`)
) ENGINE=InnoDB AUTO_INCREMENT=6 DEFAULT CHARSET=utf8;

-- Dumping data for table hoolitels.cart_items: ~4 rows (approximately)
/*!40000 ALTER TABLE `cart_items` DISABLE KEYS */;
INSERT INTO `cart_items` (`id`, `food`, `amount`, `user`) VALUES
	(1, 1, 1, 1),
	(2, 1, 2, 1),
	(3, 1, 4, 2),
	(5, 1, 7, 1);
/*!40000 ALTER TABLE `cart_items` ENABLE KEYS */;

-- Dumping structure for table hoolitels.city
CREATE TABLE IF NOT EXISTS `city` (
  `id` int(11) NOT NULL AUTO_INCREMENT,
  `name` varchar(50) NOT NULL,
  PRIMARY KEY (`id`) USING BTREE,
  UNIQUE KEY `name` (`name`)
) ENGINE=InnoDB AUTO_INCREMENT=118 DEFAULT CHARSET=utf8mb4;

-- Dumping data for table hoolitels.city: ~10 rows (approximately)
/*!40000 ALTER TABLE `city` DISABLE KEYS */;
INSERT INTO `city` (`id`, `name`) VALUES
	(115, 'Göteborg'),
	(109, 'Helsingborg'),
	(117, 'Kiruna'),
	(111, 'Landskrona'),
	(116, 'Luleå'),
	(108, 'Lund'),
	(110, 'Malmö'),
	(113, 'Stockholm'),
	(114, 'Uppsala'),
	(112, 'Västerås');
/*!40000 ALTER TABLE `city` ENABLE KEYS */;

-- Dumping structure for table hoolitels.country
CREATE TABLE IF NOT EXISTS `country` (
  `id` int(11) NOT NULL AUTO_INCREMENT,
  `name` varchar(50) NOT NULL,
  PRIMARY KEY (`id`) USING BTREE,
  UNIQUE KEY `name` (`name`) USING BTREE
) ENGINE=InnoDB AUTO_INCREMENT=262 DEFAULT CHARSET=utf8mb4 ROW_FORMAT=DYNAMIC;

-- Dumping data for table hoolitels.country: ~246 rows (approximately)
/*!40000 ALTER TABLE `country` DISABLE KEYS */;
INSERT INTO `country` (`id`, `name`) VALUES
	(16, 'Afghanistan'),
	(17, 'Albania'),
	(18, 'Algeria'),
	(19, 'American Samoa'),
	(20, 'Andorra'),
	(21, 'Angola'),
	(22, 'Anguilla'),
	(23, 'Antarctica'),
	(24, 'Antigua and Barbuda'),
	(25, 'Argentina'),
	(26, 'Armenia'),
	(27, 'Aruba'),
	(28, 'Australia'),
	(29, 'Austria'),
	(30, 'Azerbaijan'),
	(31, 'Bahamas'),
	(32, 'Bahrain'),
	(33, 'Bangladesh'),
	(34, 'Barbados'),
	(35, 'Belarus'),
	(36, 'Belgium'),
	(37, 'Belize'),
	(38, 'Benin'),
	(39, 'Bermuda'),
	(40, 'Bhutan'),
	(41, 'Bolivia'),
	(42, 'Bosnia and Herzegovina'),
	(43, 'Botswana'),
	(44, 'Bouvet Island'),
	(45, 'Brazil'),
	(46, 'British Indian Ocean Territory'),
	(47, 'Brunei Darussalam'),
	(48, 'Bulgaria'),
	(49, 'Burkina Faso'),
	(50, 'Burundi'),
	(51, 'Cambodia'),
	(52, 'Cameroon'),
	(53, 'Canada'),
	(54, 'Cape Verde'),
	(55, 'Cayman Islands'),
	(56, 'Central African Republic'),
	(57, 'Chad'),
	(58, 'Chile'),
	(59, 'China'),
	(60, 'Christmas Island'),
	(61, 'Cocos (Keeling) Islands'),
	(62, 'Colombia'),
	(63, 'Comoros'),
	(66, 'Cook Islands'),
	(67, 'Costa Rica'),
	(68, 'Croatia (Hrvatska)'),
	(69, 'Cuba'),
	(70, 'Cyprus'),
	(71, 'Czech Republic'),
	(64, 'Democratic Republic of the Congo'),
	(72, 'Denmark'),
	(73, 'Djibouti'),
	(74, 'Dominica'),
	(75, 'Dominican Republic'),
	(76, 'East Timor'),
	(77, 'Ecuador'),
	(78, 'Egypt'),
	(79, 'El Salvador'),
	(80, 'Equatorial Guinea'),
	(81, 'Eritrea'),
	(82, 'Estonia'),
	(83, 'Ethiopia'),
	(84, 'Falkland Islands (Malvinas)'),
	(85, 'Faroe Islands'),
	(86, 'Fiji'),
	(87, 'Finland'),
	(88, 'France'),
	(89, 'France, Metropolitan'),
	(90, 'French Guiana'),
	(91, 'French Polynesia'),
	(92, 'French Southern Territories'),
	(93, 'Gabon'),
	(94, 'Gambia'),
	(95, 'Georgia'),
	(96, 'Germany'),
	(97, 'Ghana'),
	(98, 'Gibraltar'),
	(100, 'Greece'),
	(101, 'Greenland'),
	(102, 'Grenada'),
	(103, 'Guadeloupe'),
	(104, 'Guam'),
	(105, 'Guatemala'),
	(99, 'Guernsey'),
	(106, 'Guinea'),
	(107, 'Guinea-Bissau'),
	(108, 'Guyana'),
	(109, 'Haiti'),
	(110, 'Heard and Mc Donald Islands'),
	(111, 'Honduras'),
	(112, 'Hong Kong'),
	(113, 'Hungary'),
	(114, 'Iceland'),
	(115, 'India'),
	(117, 'Indonesia'),
	(118, 'Iran (Islamic Republic of)'),
	(119, 'Iraq'),
	(120, 'Ireland'),
	(116, 'Isle of Man'),
	(121, 'Israel'),
	(122, 'Italy'),
	(123, 'Ivory Coast'),
	(125, 'Jamaica'),
	(126, 'Japan'),
	(124, 'Jersey'),
	(127, 'Jordan'),
	(128, 'Kazakhstan'),
	(129, 'Kenya'),
	(130, 'Kiribati'),
	(131, 'Korea, Democratic People\'s Republic of'),
	(132, 'Korea, Republic of'),
	(133, 'Kosovo'),
	(134, 'Kuwait'),
	(135, 'Kyrgyzstan'),
	(136, 'Lao People\'s Democratic Republic'),
	(137, 'Latvia'),
	(138, 'Lebanon'),
	(139, 'Lesotho'),
	(140, 'Liberia'),
	(141, 'Libyan Arab Jamahiriya'),
	(142, 'Liechtenstein'),
	(143, 'Lithuania'),
	(144, 'Luxembourg'),
	(145, 'Macau'),
	(147, 'Madagascar'),
	(148, 'Malawi'),
	(149, 'Malaysia'),
	(150, 'Maldives'),
	(151, 'Mali'),
	(152, 'Malta'),
	(153, 'Marshall Islands'),
	(154, 'Martinique'),
	(155, 'Mauritania'),
	(156, 'Mauritius'),
	(157, 'Mayotte'),
	(158, 'Mexico'),
	(159, 'Micronesia, Federated States of'),
	(160, 'Moldova, Republic of'),
	(161, 'Monaco'),
	(162, 'Mongolia'),
	(163, 'Montenegro'),
	(164, 'Montserrat'),
	(165, 'Morocco'),
	(166, 'Mozambique'),
	(167, 'Myanmar'),
	(168, 'Namibia'),
	(169, 'Nauru'),
	(170, 'Nepal'),
	(171, 'Netherlands'),
	(172, 'Netherlands Antilles'),
	(173, 'New Caledonia'),
	(174, 'New Zealand'),
	(175, 'Nicaragua'),
	(176, 'Niger'),
	(177, 'Nigeria'),
	(178, 'Niue'),
	(179, 'Norfolk Island'),
	(146, 'North Macedonia'),
	(180, 'Northern Mariana Islands'),
	(181, 'Norway'),
	(182, 'Oman'),
	(183, 'Pakistan'),
	(184, 'Palau'),
	(185, 'Palestine'),
	(186, 'Panama'),
	(187, 'Papua New Guinea'),
	(188, 'Paraguay'),
	(189, 'Peru'),
	(190, 'Philippines'),
	(191, 'Pitcairn'),
	(192, 'Poland'),
	(193, 'Portugal'),
	(194, 'Puerto Rico'),
	(195, 'Qatar'),
	(65, 'Republic of Congo'),
	(196, 'Reunion'),
	(197, 'Romania'),
	(198, 'Russian Federation'),
	(199, 'Rwanda'),
	(200, 'Saint Kitts and Nevis'),
	(201, 'Saint Lucia'),
	(202, 'Saint Vincent and the Grenadines'),
	(203, 'Samoa'),
	(204, 'San Marino'),
	(205, 'Sao Tome and Principe'),
	(206, 'Saudi Arabia'),
	(207, 'Senegal'),
	(208, 'Serbia'),
	(209, 'Seychelles'),
	(210, 'Sierra Leone'),
	(211, 'Singapore'),
	(212, 'Slovakia'),
	(213, 'Slovenia'),
	(214, 'Solomon Islands'),
	(215, 'Somalia'),
	(216, 'South Africa'),
	(217, 'South Georgia South Sandwich Islands'),
	(218, 'South Sudan'),
	(219, 'Spain'),
	(220, 'Sri Lanka'),
	(221, 'St. Helena'),
	(222, 'St. Pierre and Miquelon'),
	(223, 'Sudan'),
	(224, 'Suriname'),
	(225, 'Svalbard and Jan Mayen Islands'),
	(226, 'Swaziland'),
	(227, 'Sweden'),
	(228, 'Switzerland'),
	(229, 'Syrian Arab Republic'),
	(230, 'Taiwan'),
	(231, 'Tajikistan'),
	(232, 'Tanzania, United Republic of'),
	(233, 'Thailand'),
	(234, 'Togo'),
	(235, 'Tokelau'),
	(236, 'Tonga'),
	(237, 'Trinidad and Tobago'),
	(238, 'Tunisia'),
	(239, 'Turkey'),
	(240, 'Turkmenistan'),
	(241, 'Turks and Caicos Islands'),
	(242, 'Tuvalu'),
	(243, 'Uganda'),
	(244, 'Ukraine'),
	(245, 'United Arab Emirates'),
	(246, 'United Kingdom'),
	(247, 'United States'),
	(248, 'United States minor outlying islands'),
	(249, 'Uruguay'),
	(250, 'Uzbekistan'),
	(251, 'Vanuatu'),
	(252, 'Vatican City State'),
	(253, 'Venezuela'),
	(254, 'Vietnam'),
	(255, 'Virgin Islands (British)'),
	(256, 'Virgin Islands (U.S.)'),
	(257, 'Wallis and Futuna Islands'),
	(258, 'Western Sahara'),
	(259, 'Yemen'),
	(260, 'Zambia'),
	(261, 'Zimbabwe');
/*!40000 ALTER TABLE `country` ENABLE KEYS */;

-- Dumping structure for table hoolitels.foods
CREATE TABLE IF NOT EXISTS `foods` (
  `id` int(11) unsigned NOT NULL AUTO_INCREMENT,
  `title` varchar(255) NOT NULL DEFAULT '',
  `text` varchar(255) NOT NULL DEFAULT '',
  `image` varchar(255) DEFAULT '',
  `cost` double(5,2) DEFAULT NULL,
  `category` varchar(255) DEFAULT NULL,
  PRIMARY KEY (`id`)
) ENGINE=InnoDB AUTO_INCREMENT=4 DEFAULT CHARSET=utf8;

-- Dumping data for table hoolitels.foods: ~3 rows (approximately)
/*!40000 ALTER TABLE `foods` DISABLE KEYS */;
INSERT INTO `foods` (`id`, `title`, `text`, `image`, `cost`, `category`) VALUES
	(1, 'Big Flac', 'The bigger they come the hotter they are', 'https://www.tifood.se/wp-content/uploads/2019/01/890357-600x600.jpg', 125.00, 'burgers'),
	(2, 'Not a burger', 'This vegetarian, vegan and gluten-free mushroom burger recipe may just surprise you with how tasty it is. While mushrooms provide plenty of flavor and texture, the addition of pinto beans makes this veggie burger recipe high in fiber and protein too. Ther', 'http://images.unsplash.com/photo-1532768641073-503a250f9754?ixlib=rb-0.3.5&ixid=eyJhcHBfaWQiOjEyMDd9&s=bceece29b062fe6d758ddfa2400c554c&auto=format&w=1024&q=80', 140.00, 'burgers'),
	(3, 'Mushroom Burger', 'Mushrooms are surprisingly similar in taste and texture to meat when cooked, and this mushroom veggie burger recipe may just surprise you with how tasty it is. While mushrooms provide plenty of flavor and texture, the addition of pinto beans makes this re', 'https://veryveganrecipes.com/wp-content/uploads/2015/12/how-to-make-vegan-portobello-mushroom-burger-recipe.png', 95.00, 'burgers');
/*!40000 ALTER TABLE `foods` ENABLE KEYS */;

-- Dumping structure for table hoolitels.hotel
CREATE TABLE IF NOT EXISTS `hotel` (
  `id` int(11) NOT NULL AUTO_INCREMENT,
  `name` varchar(50) NOT NULL DEFAULT '0',
  `address` varchar(50) NOT NULL DEFAULT '0',
  `zip` varchar(10) NOT NULL DEFAULT '0',
  `city_id` int(11) NOT NULL DEFAULT 0,
  `desc` varchar(500) DEFAULT '0',
  `email` varchar(50) NOT NULL DEFAULT '0',
  `phone` varchar(20) NOT NULL DEFAULT '0',
  `distance_to_beach` int(11) DEFAULT -1 COMMENT '-1, finns inte nära, 0 ligger precis vid',
  `distance_to_town_center` int(11) DEFAULT -1 COMMENT '-1, finns inte nära, 0 ligger precis vid',
  `checkin_time` time NOT NULL,
  `checkout_time` time NOT NULL DEFAULT '11:00:00',
  `grade` int(11) DEFAULT NULL,
  PRIMARY KEY (`id`) USING BTREE,
  UNIQUE KEY `name_cityId` (`name`,`city_id`) USING BTREE,
  KEY `FK_cityId` (`city_id`) USING BTREE,
  CONSTRAINT `FK_cityId` FOREIGN KEY (`city_id`) REFERENCES `city` (`Id`)
) ENGINE=InnoDB AUTO_INCREMENT=1898 DEFAULT CHARSET=utf8mb4;

-- Dumping data for table hoolitels.hotel: ~100 rows (approximately)
/*!40000 ALTER TABLE `hotel` DISABLE KEYS */;
INSERT INTO `hotel` (`id`, `name`, `address`, `zip`, `city_id`, `desc`, `email`, `phone`, `distance_to_beach`, `distance_to_town_center`, `checkin_time`, `checkout_time`, `grade`) VALUES
	(1798, 'Beer-Dickinson hotell', '85 Upham Point', '91550', 113, '0', 'tcaro0@ft.com', '4644587049', 3355, 3264, '00:00:00', '00:00:00', 8),
	(1799, 'Ullrich, Harris and Legros hotell', '726 North Center', '65878', 111, '0', 'tdelue1@nature.com', '4546985039', 36, 4835, '00:00:00', '00:00:00', 9),
	(1800, 'Klocko-VonRueden hotell', '2 Maywood Point', '55285', 108, '0', 'wbarrows2@technorati.com', '9887699457', 453, 3378, '00:00:00', '00:00:00', 10),
	(1801, 'King-Cassin hotell', '39 Vermont Road', '79758', 109, '0', 'clawling3@ow.ly', '1985840657', 4099, 1166, '00:00:00', '00:00:00', 1),
	(1802, 'Willms-Schmeler hotell', '727 Sloan Junction', '60979', 111, '0', 'tlegrave4@irs.gov', '8385562991', 4424, 3727, '00:00:00', '00:00:00', 2),
	(1803, 'Casper-Wiza hotell', '2 Eastwood Park', '33281', 113, '0', 'tbellay5@godaddy.com', '6087107017', 4061, 3229, '00:00:00', '00:00:00', 3),
	(1804, 'Stoltenberg-Waelchi hotell', '7427 Bartelt Pass', '49804', 115, '0', 'jguyers6@ezinearticles.com', '5716251159', 2761, 4439, '00:00:00', '00:00:00', 4),
	(1805, 'Spinka Group hotell', '12295 Heffernan Crossing', '40224', 108, '0', 'athorneywork7@addtoany.com', '3147575425', 3616, 1003, '00:00:00', '00:00:00', 5),
	(1806, 'Leannon Group hotell', '55 Spaight Junction', '38675', 109, '0', 'gpfeffle8@statcounter.com', '8002284200', 4651, 3690, '00:00:00', '00:00:00', 6),
	(1807, 'Howe, Monahan and Osinski hotell', '531 Scoville Pass', '65316', 113, '0', 'rcoyle9@si.edu', '5743605366', 901, 72, '00:00:00', '00:00:00', 7),
	(1808, 'Trantow, Bailey and Tremblay hotell', '736 Scott Drive', '47963', 116, '0', 'bpasha@ebay.com', '7101704194', 3104, 253, '00:00:00', '00:00:00', 8),
	(1809, 'Huels, Goldner and Tremblay hotell', '83741 Moulton Circle', '74337', 111, '0', 'hfurmengerb@myspace.com', '6775094868', 1293, 2275, '00:00:00', '00:00:00', 9),
	(1810, 'Kohler Group hotell', '07 Corscot Avenue', '18792', 109, '0', 'lboerdermanc@slideshare.net', '8387186905', 2522, 2873, '00:00:00', '00:00:00', 10),
	(1811, 'Murazik-Barton hotell', '0894 Merry Trail', '32407', 108, '0', 'rbrodied@si.edu', '1956191393', 973, 1845, '00:00:00', '00:00:00', 1),
	(1812, 'Tromp Group hotell', '7 Chive Avenue', '29496', 114, '0', 'dlisciardellie@tamu.edu', '2647097712', 1214, 2860, '00:00:00', '00:00:00', 2),
	(1813, 'Schmitt Group hotell', '961 Mcguire Terrace', '98549', 112, '0', 'cvaldesf@marketwatch.com', '1222251485', 3075, 4488, '00:00:00', '00:00:00', 3),
	(1814, 'Mayert-Dooley hotell', '264 Fisk Way', '53911', 110, '0', 'oohengertyg@nasa.gov', '4888169498', 206, 2056, '00:00:00', '00:00:00', 4),
	(1815, 'Eichmann, O\'Connell and Farrell hotell', '67875 Westerfield Court', '69147', 111, '0', 'acutcliffeh@abc.net.au', '3624031878', 4615, 1707, '00:00:00', '00:00:00', 5),
	(1816, 'Anderson-Abernathy hotell', '8285 Bultman Avenue', '87449', 109, '0', 'gmahedyi@eepurl.com', '9821206648', 981, 1066, '00:00:00', '00:00:00', 6),
	(1817, 'Skiles Group hotell', '9160 Morningstar Junction', '42977', 114, '0', 'esadatj@imgur.com', '2488240547', 4935, 272, '00:00:00', '00:00:00', 7),
	(1818, 'Abbott, Casper and Hansen hotell', '07011 Novick Court', '87493', 115, '0', 'mmcdonnellk@blinklist.com', '5716559132', 1581, 4523, '00:00:00', '00:00:00', 8),
	(1819, 'Walsh-Wolff hotell', '49 5th Pass', '54735', 114, '0', 'mconybearl@narod.ru', '3381488195', 68, 169, '00:00:00', '00:00:00', 9),
	(1820, 'Simonis, Cummerata and Grady hotell', '43301 Laurel Parkway', '50147', 116, '0', 'atrunbym@vimeo.com', '9094004457', 860, 3198, '00:00:00', '00:00:00', 10),
	(1821, 'Graham LLC hotell', '2882 Warbler Lane', '59103', 114, '0', 'kjuettn@columbia.edu', '1737366674', 324, 4057, '00:00:00', '00:00:00', 1),
	(1822, 'Hettinger, Buckridge and Weimann hotell', '2608 Lakeland Alley', '24344', 113, '0', 'blazonbyo@typepad.com', '3297726589', 700, 2373, '00:00:00', '00:00:00', 2),
	(1823, 'Hudson-Sporer hotell', '288 Del Sol Parkway', '79715', 110, '0', 'bbeardsleyp@addtoany.com', '4602792794', 993, 3330, '00:00:00', '00:00:00', 3),
	(1824, 'Upton, Zemlak and Ritchie hotell', '9021 Mifflin Place', '45285', 112, '0', 'gosmonq@techcrunch.com', '1938308928', 1190, 1583, '00:00:00', '00:00:00', 4),
	(1825, 'Quigley Group hotell', '74683 Cherokee Court', '32455', 115, '0', 'abraysonr@webnode.com', '3898382658', 887, 1261, '00:00:00', '00:00:00', 5),
	(1826, 'Donnelly, Gutmann and Reichert hotell', '36994 Transport Plaza', '33198', 114, '0', 'hduddins@nbcnews.com', '5263821303', 902, 4885, '00:00:00', '00:00:00', 6),
	(1827, 'Terry, Konopelski and Kuvalis hotell', '20 Northport Parkway', '51134', 113, '0', 'mgosnallt@hc360.com', '9944566090', 1122, 449, '00:00:00', '00:00:00', 7),
	(1828, 'Maggio, Aufderhar and Hayes hotell', '29625 Hoepker Park', '47081', 109, '0', 'fcholoninu@flickr.com', '8235053314', 1180, 4387, '00:00:00', '00:00:00', 8),
	(1829, 'Renner and Sons hotell', '53 Becker Hill', '71954', 110, '0', 'oreasonv@behance.net', '4237817261', 1814, 1589, '00:00:00', '00:00:00', 9),
	(1830, 'Huel-Crooks hotell', '87294 Dorton Court', '23237', 108, '0', 'bmingow@odnoklassniki.ru', '9839470215', 4901, 4574, '00:00:00', '00:00:00', 10),
	(1831, 'Prosacco-Cummings hotell', '8 Utah Street', '42582', 113, '0', 'epatmanx@wordpress.org', '8739907431', 1902, 3138, '00:00:00', '00:00:00', 1),
	(1832, 'Sauer, Little and Abshire hotell', '198 Montana Lane', '36135', 108, '0', 'klabbay@flavors.me', '5475478639', 1534, 2132, '00:00:00', '00:00:00', 2),
	(1833, 'Koss LLC hotell', '736 Village Green Parkway', '35013', 111, '0', 'dmclellanz@nationalgeographic.com', '8949309172', 4408, 4386, '00:00:00', '00:00:00', 3),
	(1834, 'Barrows LLC hotell', '4199 Hudson Trail', '28253', 116, '0', 'skubacek10@opera.com', '8802265301', 123, 4773, '00:00:00', '00:00:00', 4),
	(1835, 'Pouros-Erdman hotell', '76 Algoma Center', '79202', 108, '0', 'lyukhin11@aol.com', '2381469072', 4223, 3013, '00:00:00', '00:00:00', 5),
	(1836, 'Connelly Group hotell', '19988 Karstens Point', '99218', 111, '0', 'pmcbain12@uol.com.br', '8408664141', 1599, 4055, '00:00:00', '00:00:00', 6),
	(1837, 'Feest Group hotell', '5635 Bellgrove Road', '51476', 111, '0', 'cconeau13@foxnews.com', '3408823716', 1232, 1114, '00:00:00', '00:00:00', 7),
	(1838, 'Luettgen and Sons hotell', '59 Roth Point', '12776', 112, '0', 'dcaulier14@bing.com', '9686757794', 2843, 4728, '00:00:00', '00:00:00', 8),
	(1839, 'Emmerich-Bogan hotell', '1 Farragut Circle', '34166', 109, '0', 'voverstall15@is.gd', '3891257693', 4548, 409, '00:00:00', '00:00:00', 9),
	(1840, 'Schroeder, Parker and Jacobs hotell', '177 Oak Valley Way', '88951', 112, '0', 'mpaddock16@dot.gov', '4933109793', 4102, 4629, '00:00:00', '00:00:00', 10),
	(1841, 'Nolan Inc hotell', '05 Kennedy Park', '90753', 114, '0', 'ygraben17@hexun.com', '5233349419', 4946, 161, '00:00:00', '00:00:00', 1),
	(1842, 'Ruecker-Runolfsson hotell', '003 Huxley Way', '47983', 109, '0', 'ogorrick18@blogs.com', '6112284695', 2907, 3900, '00:00:00', '00:00:00', 2),
	(1843, 'Adams Group hotell', '3422 Mendota Terrace', '66507', 115, '0', 'lapted19@devhub.com', '3404062279', 1938, 1835, '00:00:00', '00:00:00', 3),
	(1844, 'Krajcik and Sons hotell', '4 Muir Park', '91306', 116, '0', 'bmaccaughey1a@yellowpages.com', '5767551875', 1043, 4847, '00:00:00', '00:00:00', 4),
	(1845, 'Wisoky, Lakin and Maggio hotell', '7 New Castle Drive', '62935', 115, '0', 'tgawn1b@chicagotribune.com', '6285267211', 3425, 4730, '00:00:00', '00:00:00', 5),
	(1846, 'Shanahan Inc hotell', '84 Coleman Court', '39333', 109, '0', 'sbrolechan1c@posterous.com', '4825422136', 2721, 2189, '00:00:00', '00:00:00', 6),
	(1847, 'Ondricka Inc hotell', '2 Banding Court', '41528', 113, '0', 'agregol1d@4shared.com', '7029681904', 4638, 4583, '00:00:00', '00:00:00', 7),
	(1848, 'Hyatt-Howe hotell', '62277 Sage Circle', '55546', 115, '0', 'eblasli1e@ovh.net', '3123161208', 4243, 1753, '00:00:00', '00:00:00', 8),
	(1849, 'Halvorson, Willms and Bins hotell', '04014 School Parkway', '16102', 112, '0', 'mtwallin1f@naver.com', '7752760289', 3457, 4109, '00:00:00', '00:00:00', 9),
	(1850, 'Erdman Group hotell', '31 Hintze Park', '26814', 113, '0', 'rstannus1g@amazonaws.com', '1738718695', 4783, 1643, '00:00:00', '00:00:00', 10),
	(1851, 'Frami-Wunsch hotell', '4 Clyde Gallagher Drive', '49679', 111, '0', 'khuffer1h@bandcamp.com', '8599923816', 1313, 2077, '00:00:00', '00:00:00', 1),
	(1852, 'Douglas, Armstrong and Reynolds hotell', '2 American Point', '91520', 110, '0', 'iogan1i@about.com', '8526011453', 1902, 4369, '00:00:00', '00:00:00', 2),
	(1853, 'King Inc hotell', '2 Park Meadow Point', '52883', 114, '0', 'mborn1j@nytimes.com', '7358208547', 1612, 1208, '00:00:00', '00:00:00', 3),
	(1854, 'O\'Keefe and Sons hotell', '68789 Ryan Hill', '51086', 108, '0', 'cheadey1k@edublogs.org', '6426202130', 3949, 1784, '00:00:00', '00:00:00', 4),
	(1855, 'O\'Conner-Keebler hotell', '073 Caliangt Lane', '29039', 115, '0', 'jdragonette1l@addthis.com', '6761465386', 2504, 328, '00:00:00', '00:00:00', 5),
	(1856, 'Goodwin, Homenick and Lehner hotell', '462 Ramsey Street', '51966', 111, '0', 'ngraber1m@nps.gov', '5611398864', 4297, 3559, '00:00:00', '00:00:00', 6),
	(1857, 'Glover, Bergstrom and Kub hotell', '3 Hooker Way', '21082', 112, '0', 'poleksiak1n@ocn.ne.jp', '5006633479', 2925, 2569, '00:00:00', '00:00:00', 7),
	(1858, 'Batz-Schumm hotell', '5 Hoffman Pass', '68998', 109, '0', 'gsommerfeld1o@rakuten.co.jp', '1211499716', 4340, 3553, '00:00:00', '00:00:00', 8),
	(1859, 'Hudson, Nienow and Marks hotell', '481 Susan Junction', '51744', 114, '0', 'mgallone1p@fotki.com', '3904461263', 1545, 1428, '00:00:00', '00:00:00', 9),
	(1860, 'Toy, Walter and Schuster hotell', '681 Kipling Plaza', '34047', 116, '0', 'ctett1q@creativecommons.org', '9108412152', 3738, 2052, '00:00:00', '00:00:00', 10),
	(1861, 'Kuhlman, Heidenreich and Lehner hotell', '0 Sundown Avenue', '88003', 115, '0', 'ndilucia1r@google.co.uk', '4703601856', 1398, 4562, '00:00:00', '00:00:00', 1),
	(1862, 'Stoltenberg Inc hotell', '27 Londonderry Crossing', '88801', 112, '0', 'gshilstone1s@adobe.com', '4356793078', 2316, 1743, '00:00:00', '00:00:00', 2),
	(1863, 'Kihn, Nitzsche and Johnson hotell', '80594 Charing Cross Point', '15972', 109, '0', 'bkrauze1t@prnewswire.com', '5917527612', 4601, 3159, '00:00:00', '00:00:00', 3),
	(1864, 'Dietrich LLC hotell', '458 Bunker Hill Hill', '17657', 116, '0', 'bscopham1u@stumbleupon.com', '7515618356', 2073, 4073, '00:00:00', '00:00:00', 4),
	(1865, 'Lehner, Schiller and Gleichner hotell', '27477 Dwight Point', '36261', 116, '0', 'vbuzzing1v@themeforest.net', '3078821247', 726, 489, '00:00:00', '00:00:00', 5),
	(1866, 'Torphy-Rohan hotell', '850 Gateway Crossing', '97187', 112, '0', 'ostockton1w@reference.com', '3208214982', 828, 4593, '00:00:00', '00:00:00', 6),
	(1867, 'Reynolds, Champlin and Bergstrom hotell', '6601 Sugar Pass', '63388', 115, '0', 'hbraim1x@archive.org', '4756648461', 4365, 2621, '00:00:00', '00:00:00', 7),
	(1868, 'Padberg, Walker and Legros hotell', '4894 Ruskin Junction', '11947', 111, '0', 'vcasserly1y@ezinearticles.com', '9293195365', 1770, 4415, '00:00:00', '00:00:00', 8),
	(1869, 'Dickinson-Kessler hotell', '70 Cardinal Road', '81230', 114, '0', 'fhumburton1z@g.co', '7443778575', 3879, 2784, '00:00:00', '00:00:00', 9),
	(1870, 'Ziemann and Sons hotell', '375 Dapin Hill', '54017', 112, '0', 'mjohns20@elpais.com', '3091945887', 2291, 4308, '00:00:00', '00:00:00', 10),
	(1871, 'Larkin and Sons hotell', '28 Shasta Lane', '51285', 113, '0', 'hwarrillow21@facebook.com', '8478751472', 4112, 15, '00:00:00', '00:00:00', 1),
	(1872, 'Grady, Graham and Ankunding hotell', '3986 Pleasure Parkway', '43834', 110, '0', 'lprosch22@archive.org', '4168619818', 396, 1842, '00:00:00', '00:00:00', 2),
	(1873, 'McClure Group hotell', '57 Sachs Park', '95517', 112, '0', 'rtottman23@blog.com', '6475033472', 3147, 2418, '00:00:00', '00:00:00', 3),
	(1874, 'Turcotte, Kutch and Okuneva hotell', '02669 Larry Drive', '47950', 109, '0', 'dstanden24@dmoz.org', '1089435898', 116, 653, '00:00:00', '00:00:00', 4),
	(1875, 'Nienow and Sons hotell', '9166 Bellgrove Terrace', '66243', 113, '0', 'cmaundrell25@stanford.edu', '8972472574', 549, 2159, '00:00:00', '00:00:00', 5),
	(1876, 'Schumm Inc hotell', '942 Eggendart Way', '25603', 117, '0', 'bmation26@ycombinator.com', '5134096577', 4217, 3105, '00:00:00', '00:00:00', 6),
	(1877, 'Gleason and Sons hotell', '04566 Hooker Street', '55937', 113, '0', 'jmarland27@edublogs.org', '5125579584', 4422, 4575, '00:00:00', '00:00:00', 7),
	(1878, 'Champlin LLC hotell', '77 Southridge Pass', '84072', 115, '0', 'ydance28@smugmug.com', '3171743930', 590, 129, '00:00:00', '00:00:00', 8),
	(1879, 'Walter-Aufderhar hotell', '3 Beilfuss Alley', '89388', 117, '0', 'bcounihan29@t-online.de', '2051922206', 4037, 3155, '00:00:00', '00:00:00', 9),
	(1880, 'Gutkowski Group hotell', '15553 Tennyson Place', '68810', 110, '0', 'vconstable2a@nifty.com', '3612533333', 3425, 2369, '00:00:00', '00:00:00', 10),
	(1881, 'Sipes Inc hotell', '3014 Linden Junction', '95896', 112, '0', 'lkivell2b@sbwire.com', '1304574837', 3177, 898, '00:00:00', '00:00:00', 1),
	(1882, 'Reichel and Sons hotell', '86 Glendale Parkway', '21901', 109, '0', 'leccleshare2c@sphinn.com', '2398261491', 84, 126, '00:00:00', '00:00:00', 2),
	(1883, 'Greenfelder-Wiza hotell', '911 Sunnyside Pass', '31894', 110, '0', 'dbutson2d@nhs.uk', '4822505726', 2306, 972, '00:00:00', '00:00:00', 3),
	(1884, 'Rau, Witting and Jacobs hotell', '2 Corscot Road', '94934', 111, '0', 'jsmalls2e@census.gov', '1226593230', 2297, 178, '00:00:00', '00:00:00', 4),
	(1885, 'Aufderhar-Dach hotell', '722 Dahle Way', '84374', 109, '0', 'lalker2f@oaic.gov.au', '4106264965', 3884, 285, '00:00:00', '00:00:00', 5),
	(1886, 'Gislason, Wuckert and Funk hotell', '409 Esker Drive', '29143', 114, '0', 'hstothert2g@xinhuanet.com', '2136998685', 4944, 1788, '00:00:00', '00:00:00', 6),
	(1887, 'Bergnaum, Price and Wilderman hotell', '120 Del Sol Court', '88983', 114, '0', 'dstuer2h@abc.net.au', '6798295746', 1479, 1293, '00:00:00', '00:00:00', 7),
	(1888, 'Stark-Wisoky hotell', '1 Michigan Alley', '89188', 110, '0', 'mandrew2i@163.com', '4232177874', 2699, 1776, '00:00:00', '00:00:00', 8),
	(1889, 'Paucek, Heidenreich and Bogan hotell', '9472 Eagle Crest Alley', '78825', 115, '0', 'cmidson2j@mysql.com', '4795388599', 619, 4689, '00:00:00', '00:00:00', 9),
	(1890, 'Jacobi-Gaylord hotell', '24 Maple Plaza', '39412', 112, '0', 'rharkness2k@yelp.com', '8198306528', 2903, 4834, '00:00:00', '00:00:00', 10),
	(1891, 'Bashirian-Stehr hotell', '5 Buhler Parkway', '17337', 112, '0', 'spittson2l@amazon.co.uk', '7115008761', 535, 4797, '00:00:00', '00:00:00', 1),
	(1892, 'Hammes-Stamm hotell', '6 Reindahl Court', '36757', 116, '0', 'gviger2m@jigsy.com', '5174892079', 3630, 2174, '00:00:00', '00:00:00', 2),
	(1893, 'Mueller-Ward hotell', '374 Garrison Road', '85160', 116, '0', 'gbartholin2n@china.com.cn', '5536745229', 1770, 431, '00:00:00', '00:00:00', 3),
	(1894, 'Hoeger, Runte and Walsh hotell', '16 Steensland Plaza', '14260', 111, '0', 'lhedde2o@businesswire.com', '3554832862', 4840, 2759, '00:00:00', '00:00:00', 4),
	(1895, 'Wiegand, Feil and Ebert hotell', '6177 Dorton Parkway', '65579', 116, '0', 'gkynman2p@google.de', '3245966030', 1882, 2098, '00:00:00', '00:00:00', 5),
	(1896, 'Batz and Sons hotell', '71 Loomis Lane', '86538', 111, '0', 'dreede2q@epa.gov', '5999440794', 2463, 2406, '00:00:00', '00:00:00', 6),
	(1897, 'Schuster-Graham hotell', '9723 Vera Terrace', '85742', 110, '0', 'kjaskowicz2r@statcounter.com', '8358395361', 803, 4139, '00:00:00', '00:00:00', 7);
/*!40000 ALTER TABLE `hotel` ENABLE KEYS */;

-- Dumping structure for table hoolitels.hotelamenity
CREATE TABLE IF NOT EXISTS `hotelamenity` (
  `id` int(11) NOT NULL AUTO_INCREMENT,
  `hotel_id` int(11) NOT NULL,
  `amenity_id` int(11) NOT NULL,
  PRIMARY KEY (`id`) USING BTREE,
  UNIQUE KEY `hotelId_amenityId` (`hotel_id`,`amenity_id`) USING BTREE,
  KEY `FK_hotelamenity_amenity` (`amenity_id`) USING BTREE,
  CONSTRAINT `FK_hotelamenity_amenity` FOREIGN KEY (`amenity_id`) REFERENCES `amenity` (`id`),
  CONSTRAINT `FK_hotelamenity_hotel` FOREIGN KEY (`hotel_id`) REFERENCES `hotel` (`Id`)
) ENGINE=InnoDB AUTO_INCREMENT=101 DEFAULT CHARSET=utf8mb4;

-- Dumping data for table hoolitels.hotelamenity: ~100 rows (approximately)
/*!40000 ALTER TABLE `hotelamenity` DISABLE KEYS */;
INSERT INTO `hotelamenity` (`id`, `hotel_id`, `amenity_id`) VALUES
	(62, 1799, 2),
	(48, 1800, 3),
	(50, 1800, 4),
	(37, 1802, 2),
	(8, 1802, 3),
	(46, 1806, 3),
	(43, 1806, 4),
	(85, 1807, 3),
	(10, 1808, 3),
	(39, 1809, 1),
	(44, 1809, 3),
	(18, 1810, 3),
	(69, 1810, 4),
	(23, 1811, 3),
	(13, 1812, 4),
	(29, 1813, 1),
	(22, 1814, 1),
	(49, 1814, 4),
	(66, 1817, 1),
	(79, 1817, 3),
	(14, 1818, 3),
	(100, 1820, 2),
	(67, 1820, 4),
	(82, 1821, 3),
	(80, 1822, 3),
	(96, 1823, 3),
	(91, 1824, 4),
	(51, 1826, 2),
	(84, 1826, 3),
	(77, 1827, 2),
	(57, 1827, 3),
	(54, 1828, 1),
	(70, 1828, 4),
	(56, 1829, 3),
	(97, 1831, 2),
	(61, 1832, 1),
	(36, 1834, 4),
	(19, 1835, 1),
	(73, 1837, 1),
	(59, 1837, 3),
	(5, 1838, 4),
	(32, 1839, 1),
	(75, 1839, 3),
	(20, 1840, 3),
	(52, 1841, 2),
	(60, 1842, 1),
	(27, 1843, 2),
	(9, 1843, 3),
	(81, 1844, 2),
	(71, 1844, 4),
	(65, 1845, 3),
	(63, 1846, 3),
	(3, 1846, 4),
	(86, 1847, 1),
	(78, 1848, 1),
	(17, 1848, 2),
	(12, 1850, 1),
	(93, 1851, 3),
	(41, 1852, 3),
	(24, 1853, 1),
	(64, 1854, 1),
	(2, 1855, 2),
	(74, 1856, 2),
	(11, 1857, 3),
	(94, 1858, 1),
	(92, 1858, 2),
	(30, 1858, 3),
	(95, 1862, 3),
	(42, 1862, 4),
	(89, 1863, 2),
	(98, 1864, 4),
	(38, 1865, 1),
	(88, 1867, 3),
	(99, 1869, 1),
	(47, 1869, 4),
	(87, 1870, 3),
	(58, 1871, 2),
	(68, 1871, 3),
	(15, 1871, 4),
	(1, 1872, 2),
	(4, 1872, 3),
	(21, 1872, 4),
	(76, 1873, 3),
	(34, 1875, 3),
	(31, 1876, 2),
	(26, 1877, 3),
	(55, 1879, 1),
	(28, 1879, 2),
	(72, 1880, 3),
	(33, 1884, 4),
	(45, 1885, 2),
	(53, 1887, 1),
	(90, 1888, 1),
	(35, 1889, 4),
	(25, 1891, 2),
	(7, 1892, 2),
	(6, 1892, 4),
	(83, 1893, 2),
	(40, 1893, 3),
	(16, 1897, 2);
/*!40000 ALTER TABLE `hotelamenity` ENABLE KEYS */;

-- Dumping structure for table hoolitels.image
CREATE TABLE IF NOT EXISTS `image` (
  `id` int(11) NOT NULL AUTO_INCREMENT,
  `url` varchar(500) NOT NULL DEFAULT '0',
  `name` varchar(50) NOT NULL DEFAULT '0',
  `desc` varchar(500) DEFAULT '0',
  `hotel_id` int(11) DEFAULT 0,
  `room_id` int(11) DEFAULT 0,
  PRIMARY KEY (`id`),
  KEY `hotel_id` (`hotel_id`),
  KEY `room_id` (`room_id`),
  CONSTRAINT `FK_image_hotel` FOREIGN KEY (`hotel_id`) REFERENCES `hotel` (`Id`),
  CONSTRAINT `FK_image_room` FOREIGN KEY (`room_id`) REFERENCES `room` (`id`)
) ENGINE=InnoDB AUTO_INCREMENT=4001 DEFAULT CHARSET=utf8mb4;

-- Dumping data for table hoolitels.image: ~1 100 rows (approximately)
/*!40000 ALTER TABLE `image` DISABLE KEYS */;
INSERT INTO `image` (`id`, `url`, `name`, `desc`, `hotel_id`, `room_id`) VALUES
	(3001, '168', 'Dozedaisy', '0', NULL, 3921),
	(3002, '42', 'Ivyleaf Thoroughwort', '0', 1866, 4659),
	(3003, '182', 'Carolina Dropseed', '0', 1896, 3929),
	(3004, '84', 'California Wild Hollyhock', '0', 1879, 3885),
	(3005, '191', 'Oriental Hackberry', '0', 1877, 4688),
	(3006, '42', 'Olney\'s Dry Rock Moss', '0', NULL, 4240),
	(3007, '98', 'Twoleaf Springparsley', '0', NULL, 4271),
	(3008, '60', 'Fairy Slipper', '0', 1844, 4695),
	(3009, '134', 'Tehipite Valley Jewelflower', '0', NULL, 4469),
	(3010, '196', 'Brickellbush Aster', '0', 1818, 4087),
	(3011, '164', 'Leiohi\'iaka', '0', NULL, 4234),
	(3012, '35', 'Pitted Lichen', '0', 1855, 4196),
	(3013, '103', 'Woodland Muhly', '0', 1799, NULL),
	(3014, '10', 'Northern Bluebells', '0', NULL, 4605),
	(3015, '109', 'Bluntleaf Spikemoss', '0', 1897, 4666),
	(3016, '128', 'Siamese Cassia', '0', NULL, 4070),
	(3017, '2', 'Indian Jujube', '0', 1851, NULL),
	(3018, '47', 'Fringed Loosestrife', '0', 1845, NULL),
	(3019, '79', 'Sedge', '0', NULL, 4471),
	(3020, '16', 'Alpine Saxifrage', '0', NULL, 4245),
	(3021, '122', 'Pinkbracted Manzanita', '0', NULL, 4444),
	(3022, '35', 'Royal Cheesewood', '0', NULL, 4148),
	(3023, '42', 'Threeflower Ticktrefoil', '0', NULL, 4767),
	(3024, '34', 'Slenderstem Lessingia', '0', 1881, 4194),
	(3025, '110', 'Ravenel\'s Cryphaea Moss', '0', 1834, NULL),
	(3026, '127', 'Andre\'s Fuchsia', '0', NULL, 4808),
	(3027, '9', 'Mojave Phacelia', '0', NULL, 4523),
	(3028, '198', 'Nevada Dalea', '0', NULL, 4660),
	(3029, '86', 'Panamint Buckwheat', '0', 1832, 4715),
	(3030, '58', 'Princesstree', '0', NULL, 3918),
	(3031, '53', 'Mohr\'s Barbara\'s Buttons', '0', NULL, 4638),
	(3032, '3', 'Creeping Bedgrass', '0', 1818, 4728),
	(3033, '65', 'White Fiestaflower', '0', 1835, 4554),
	(3034, '172', 'Jones Spiderflower', '0', 1824, NULL),
	(3035, '56', 'Ottelia', '0', 1808, 3948),
	(3036, '135', 'Forest Peperomia', '0', 1851, 4200),
	(3037, '166', 'Largestipule Leather-root', '0', 1842, 4710),
	(3038, '130', 'Clokey\'s Onion', '0', NULL, 4118),
	(3039, '152', 'Fragrant Wandflower', '0', 1882, 4667),
	(3040, '54', 'Chihuahuan Chickweed', '0', NULL, 3920),
	(3041, '85', 'Hoary Balsamroot', '0', 1889, 3882),
	(3042, '72', 'Mattaponi Quillwort', '0', NULL, 4239),
	(3043, '129', 'Channel Island Poppy', '0', 1868, 4063),
	(3044, '110', 'Blueleaf Honeysuckle', '0', 1800, 4143),
	(3045, '159', 'Andreaea Moss', '0', NULL, 3984),
	(3046, '70', 'Map Lichen', '0', 1859, NULL),
	(3047, '182', 'Cottongrass', '0', NULL, 4368),
	(3048, '62', 'Zinnia', '0', 1893, 3993),
	(3049, '186', 'Creeping Lovegrass', '0', NULL, 4730),
	(3050, '103', 'Drummond\'s Onion', '0', 1888, 4736),
	(3051, '4', 'Variegated Liveforever', '0', NULL, 4171),
	(3052, '104', 'Glandular Clarkia', '0', 1849, 4614),
	(3053, '77', 'Corchoropsis', '0', 1891, 4054),
	(3054, '47', 'Flatcrown Buckwheat', '0', 1897, 3879),
	(3055, '70', 'Mountain Hollyfern', '0', 1799, NULL),
	(3056, '176', 'Pygmy Date Palm', '0', 1811, 3865),
	(3057, '70', 'Streambank Springbeauty', '0', 1809, 4531),
	(3058, '135', 'Hybrid Plum', '0', 1876, 4385),
	(3059, '53', 'Pterocarpus', '0', 1897, 4041),
	(3060, '156', 'Speedwell', '0', NULL, 4607),
	(3061, '112', 'Pyrenopsis Lichen', '0', 1843, 3891),
	(3062, '137', 'Snow Arnica', '0', NULL, NULL),
	(3063, '168', 'Sorbaronia', '0', 1857, 4586),
	(3064, '110', 'Serpentine Stitchwort', '0', 1819, 4684),
	(3065, '191', 'Carolina Leaf-flower', '0', 1859, 4441),
	(3066, '78', 'Spreading Alkaliweed', '0', 1838, NULL),
	(3067, '42', 'Piper\'s Buxbaumia Moss', '0', 1805, NULL),
	(3068, '154', 'Saltlover', '0', NULL, 4405),
	(3069, '172', 'Coastal Plain Dawnflower', '0', NULL, 4399),
	(3070, '49', 'Apalachicola Aster', '0', 1883, 3930),
	(3071, '143', 'Hayden\'s Clover', '0', NULL, 3930),
	(3072, '185', 'Vervain', '0', 1865, 4354),
	(3073, '133', 'Bastard Milkvetch', '0', 1834, 4693),
	(3074, '115', 'Parry\'s Pussypaws', '0', 1830, 4493),
	(3075, '165', 'Hypotrachyna Lichen', '0', NULL, 4137),
	(3076, '5', 'Cascade Calicoflower', '0', 1853, 4206),
	(3077, '138', 'Ditch Reedgrass', '0', NULL, 4206),
	(3078, '114', 'Faurie\'s Panicgrass', '0', 1885, 4401),
	(3079, '130', 'Smooth Oxeye', '0', 1852, 3981),
	(3080, '28', 'Redflower Currant', '0', 1823, 4053),
	(3081, '96', 'Pondweed', '0', NULL, 4209),
	(3082, '130', 'Silverskin Lichen', '0', 1860, 4295),
	(3083, '27', 'Lavin\'s Milkvetch', '0', 1885, 4047),
	(3084, '75', 'Smallflower Bruguiera', '0', 1821, 4394),
	(3085, '47', 'Cyathula', '0', 1864, NULL),
	(3086, '68', 'Marijuana', '0', 1891, 4085),
	(3087, '106', 'Low False Bindweed', '0', 1853, NULL),
	(3089, '67', 'Kneeland Prairie Pennycress', '0', 1879, 4111),
	(3090, '175', 'Arizona Fleabane', '0', 1837, 4722),
	(3091, '156', 'Goodding\'s Fameflower', '0', 1849, 3882),
	(3092, '63', 'Caparosa', '0', 1843, NULL),
	(3093, '198', 'Elegant Cinquefoil', '0', NULL, 3910),
	(3094, '35', 'Corymbflower Tansy', '0', 1818, 3880),
	(3095, '129', 'Smooth Phacelia', '0', 1829, 3871),
	(3096, '111', 'Common Milkwort', '0', 1850, 4065),
	(3097, '78', 'Panther Milkvetch', '0', 1869, NULL),
	(3098, '178', 'Island Glorybush', '0', 1843, 4473),
	(3099, '35', 'Spotless Balm', '0', NULL, 4732),
	(3100, '104', 'California Brodiaea', '0', 1832, 3871),
	(3101, '31', 'Water Paspalum', '0', NULL, 4430),
	(3102, '138', 'Alabama Warbonnet', '0', NULL, NULL),
	(3103, '14', 'Sweetbush', '0', 1867, 4159),
	(3104, '110', 'Halberdleaf Orach', '0', 1885, 4526),
	(3105, '54', 'Fameflower', '0', 1888, 4187),
	(3106, '197', 'Sierra Stonecrop', '0', NULL, 3871),
	(3107, '90', 'Canadian Sandspurry', '0', 1808, 4526),
	(3108, '142', 'Puerto Rico Ceboruquillo', '0', NULL, NULL),
	(3109, '95', 'Sacramento Cryptantha', '0', NULL, 4519),
	(3110, '11', 'Klamath Cinquefoil', '0', 1854, 4731),
	(3111, '191', 'New Mexico Milkwort', '0', NULL, 4546),
	(3112, '156', 'Dock', '0', 1801, 4500),
	(3113, '61', 'Ant Plant', '0', NULL, 4089),
	(3114, '34', 'Southeastern Annual Saltmarsh Aster', '0', 1808, 4755),
	(3115, '56', 'Maui Fern', '0', 1816, NULL),
	(3116, '189', 'Border Pricklypear', '0', 1831, NULL),
	(3117, '39', 'Sticky Tansyaster', '0', 1853, 4542),
	(3118, '196', 'Rubber Rabbitbrush', '0', 1878, 4540),
	(3119, '40', 'European Water Plantain', '0', 1801, 4291),
	(3120, '12', 'Willamette Fleabane', '0', 1838, 4299),
	(3121, '20', 'Rocketsalad', '0', 1809, 4695),
	(3122, '123', 'Mock Bishopweed', '0', NULL, 4785),
	(3123, '23', 'Hypotrachyna Lichen', '0', 1804, 4260),
	(3124, '52', 'Hairy Flatsedge', '0', NULL, 3995),
	(3125, '131', 'Leciophysma Lichen', '0', 1839, 4266),
	(3126, '3', 'Redberry Buckthorn', '0', 1886, 4276),
	(3127, '180', 'Front Range Alumroot', '0', 1870, 4553),
	(3128, '22', 'San Francisco Campion', '0', 1842, 4807),
	(3129, '19', 'Manyflower Tobacco', '0', NULL, 4513),
	(3130, '150', 'Pinewoods Drymary', '0', 1892, 4099),
	(3131, '46', 'Woolly Chaffhead', '0', 1809, 3920),
	(3132, '134', 'Chinese Yarrow', '0', 1849, 4152),
	(3133, '121', 'Twinpod', '0', NULL, 4840),
	(3135, '55', 'Creeping Aster', '0', 1872, 4629),
	(3136, '13', 'Nuttall\'s Wild Indigo', '0', NULL, 4782),
	(3137, '193', 'Alkali Milkvetch', '0', 1835, 4365),
	(3138, '167', 'Bagflower', '0', NULL, 4162),
	(3139, '177', 'Oldplainsman', '0', 1813, 4390),
	(3140, '25', 'Leafy False Goldenweed', '0', NULL, 4544),
	(3141, '196', 'New York Blackberry', '0', NULL, 4114),
	(3142, '129', 'Louisiana Yelloweyed Grass', '0', NULL, 4252),
	(3143, '155', 'Slimspike Threeawn', '0', NULL, 4230),
	(3144, '48', 'Common Sandaster', '0', 1847, 4824),
	(3145, '65', 'White Mountain False Pennyroyal', '0', 1813, 4057),
	(3146, '84', 'Pennsylvania Rush', '0', 1861, 4450),
	(3147, '120', 'Toetoe', '0', NULL, 4426),
	(3148, '8', 'Bakong', '0', 1798, 3877),
	(3149, '95', 'Youth On Age', '0', 1812, 4675),
	(3150, '144', 'Astomum Moss', '0', 1847, 4294),
	(3151, '151', 'Indian Frankincense', '0', 1832, 4696),
	(3152, '137', 'Hornwort', '0', 1862, 4590),
	(3153, '77', 'Fiddleleaf Hawksbeard', '0', 1798, NULL),
	(3154, '7', 'Thickpod Milkvetch', '0', 1798, 4593),
	(3155, '180', 'Warner\'s Dodder', '0', 1856, NULL),
	(3156, '67', 'Rusty Woodsia', '0', NULL, 4399),
	(3157, '12', 'Siskiyou Mariposa Lily', '0', 1862, 4080),
	(3158, '174', 'Appendage Orchid', '0', NULL, 3917),
	(3159, '103', 'Wild Bishop', '0', NULL, 4710),
	(3160, '165', 'Common Duckmeat', '0', NULL, 4221),
	(3161, '166', 'Smith\'s Tonguefern', '0', 1888, 3922),
	(3162, '96', 'Desert Twinbugs', '0', 1848, 4774),
	(3163, '144', 'Canby\'s Mountain-lover', '0', 1832, 4065),
	(3164, '6', 'Churchmouse Threeawn', '0', 1847, 4658),
	(3165, '92', 'Netleaf Leather Flower', '0', NULL, NULL),
	(3166, '43', 'Cottonleaf Passionflower', '0', NULL, 4440),
	(3167, '91', 'African Rice', '0', NULL, NULL),
	(3168, '174', 'Asystasia', '0', 1826, NULL),
	(3169, '52', 'Bunge\'s Smartweed', '0', NULL, 3993),
	(3170, '93', 'Seaside Dock', '0', 1807, 4632),
	(3171, '78', 'Coyote Mint', '0', 1801, 4778),
	(3172, '162', 'Amazonlily', '0', 1825, 4250),
	(3173, '121', 'Largebract Ticktrefoil', '0', 1834, 4621),
	(3174, '108', 'Streambank Flowering Fern', '0', 1885, NULL),
	(3175, '108', 'Island Mistletoe', '0', NULL, 4425),
	(3176, '154', 'Lecidella Lichen', '0', NULL, 4335),
	(3177, '127', 'Sedge', '0', 1896, NULL),
	(3178, '25', 'Roundleaf Thoroughwort', '0', 1885, 4673),
	(3179, '65', 'Koolau Range Lobelia', '0', NULL, 4577),
	(3180, '114', 'Tortured Horsehair Lichen', '0', 1868, 4337),
	(3181, '174', 'Barbgrass', '0', 1849, 4845),
	(3182, '171', 'Longstock Water-starwort', '0', NULL, 4019),
	(3183, '19', 'Munz\'s Hedgehog Cactus', '0', 1858, 4378),
	(3184, '80', 'Mat Rockspirea', '0', 1813, 4808),
	(3185, '46', 'Xanthoparmelia Lichen', '0', NULL, 4055),
	(3186, '2', 'Kikuyugrass', '0', 1824, 3874),
	(3187, '145', 'Sickle Kiaeria Moss', '0', NULL, 4156),
	(3188, '63', 'Olympic Mountain Rockmat', '0', 1835, 4547),
	(3189, '68', 'Common Townsend Daisy', '0', 1807, 4762),
	(3190, '35', 'Peru Roccella Lichen', '0', 1839, 4326),
	(3191, '196', 'California Indian Potato', '0', 1881, 4711),
	(3192, '183', 'Mint', '0', NULL, 4163),
	(3193, '34', 'Cryptolechia Lichen', '0', NULL, 4750),
	(3194, '164', 'Deceptive Groundsmoke', '0', NULL, 4506),
	(3195, '54', 'California Caltrop', '0', 1847, 4554),
	(3196, '196', 'Inyo Gilia', '0', NULL, 3978),
	(3197, '192', 'Cliff Fendlerbush', '0', 1815, 4556),
	(3198, '181', 'Krog\'s Tube Lichen', '0', NULL, 4078),
	(3199, '75', 'Xanthoparmelia Lichen', '0', 1830, NULL),
	(3200, '3', 'Heller\'s Beardtongue', '0', NULL, 4803),
	(3201, '119', 'Dwarf Purple Monkeyflower', '0', 1872, 4189),
	(3202, '91', 'Yellowflower Indian Mallow', '0', 1873, 3922),
	(3203, '25', 'Tortula Moss', '0', 1843, 4706),
	(3204, '157', 'Panamint Mountain Buckwheat', '0', NULL, 3928),
	(3205, '75', 'Thickstem Wild Cabbage', '0', 1826, NULL),
	(3206, '162', 'White River Beardtongue', '0', 1893, 4752),
	(3207, '192', 'Jelly Lichen', '0', 1878, 4257),
	(3208, '9', 'San Bernardino Aster', '0', NULL, 4206),
	(3209, '88', 'Hairy Bird\'s-foot Trefoil', '0', 1835, NULL),
	(3210, '43', 'Low False Bindweed', '0', 1835, NULL),
	(3211, '145', 'Florida Goldenaster', '0', 1808, 4134),
	(3212, '139', 'Entireleaf Western Daisy', '0', 1875, 4261),
	(3213, '154', 'Longflower Tobacco', '0', 1855, 4064),
	(3214, '29', 'Ulota Moss', '0', 1869, NULL),
	(3215, '17', 'Volcanic Gilia', '0', 1874, NULL),
	(3216, '24', 'Alabama Skullcap', '0', 1891, 4556),
	(3217, '114', 'Shellflower', '0', NULL, 4610),
	(3218, '199', 'Oahu Clermontia', '0', 1848, 3893),
	(3219, '63', 'Drug Fumitory', '0', 1897, 4549),
	(3220, '184', 'Cuban Hemp', '0', NULL, 4232),
	(3221, '20', 'Gray Bottlebrush', '0', 1882, NULL),
	(3222, '9', 'Horned Spurge', '0', 1799, 4285),
	(3223, '85', 'Papery Tonguefern', '0', 1892, NULL),
	(3224, '74', 'Twistedstalk', '0', NULL, 4097),
	(3225, '164', 'Coastal Nehe', '0', 1798, 4031),
	(3226, '165', 'Coastal Phacelia', '0', NULL, 4533),
	(3227, '66', 'Fremont\'s Deathcamas', '0', 1838, NULL),
	(3228, '171', 'Climbing Hempvine', '0', NULL, 4760),
	(3229, '163', 'Purdy\'s Penstemon', '0', 1848, 4666),
	(3230, '15', 'Boxelder', '0', 1848, 4819),
	(3231, '183', 'Basil Beebalm', '0', 1866, 3917),
	(3232, '200', 'Jungermann\'s Platydictya Moss', '0', 1860, 4057),
	(3233, '12', 'Ozark Melon', '0', 1894, 4172),
	(3234, '33', 'Peel River Catchfly', '0', 1874, NULL),
	(3235, '5', 'Koolau Range \'ohe', '0', 1826, 3940),
	(3236, '112', 'New Mexico Feathergrass', '0', NULL, 4716),
	(3237, '166', 'Safflower', '0', NULL, 4797),
	(3238, '118', 'Schreiber\'s Manzanita', '0', NULL, 4774),
	(3240, '101', 'Sierra Madre Lobelia', '0', NULL, 4632),
	(3241, '60', 'Threehearts', '0', NULL, NULL),
	(3242, '147', 'Soft Aster', '0', 1873, 4177),
	(3243, '24', 'Fringed Orchid', '0', 1843, NULL),
	(3244, '181', 'Tansyaster', '0', 1881, 4010),
	(3245, '177', 'Western Meadow Aster', '0', 1839, NULL),
	(3246, '70', 'White Sands Fanmustard', '0', 1825, 4255),
	(3247, '132', 'Sphinctrina Lichen', '0', 1896, 3963),
	(3248, '72', 'Pohlia Moss', '0', NULL, NULL),
	(3249, '129', 'Chiricahua Adder\'s-mouth Orchid', '0', NULL, 3970),
	(3250, '144', 'Willowleaf Frostweed', '0', 1844, 4626),
	(3251, '169', 'Yü-shan Raspberry', '0', NULL, 4017),
	(3252, '182', 'Southern Globethistle', '0', 1887, 4446),
	(3253, '186', 'Southern California Walnut', '0', 1813, 4736),
	(3254, '199', 'Common Milkwort', '0', 1884, 4028),
	(3255, '68', 'Heartleaf Saxifrage', '0', 1830, 3949),
	(3256, '31', 'Grannyvine', '0', 1805, 4247),
	(3257, '22', 'Hakone Grass', '0', NULL, 4849),
	(3258, '101', 'Bastard Toadflax', '0', 1863, 4234),
	(3259, '70', 'Hairy Braya', '0', 1876, 4219),
	(3260, '151', 'Hammock Velvetseed', '0', 1863, 4548),
	(3261, '84', 'Sawleaf Buckthorn', '0', 1876, 4045),
	(3262, '92', 'Rainier Draba', '0', NULL, NULL),
	(3263, '172', 'Carolina Birds-in-a-nest', '0', 1861, NULL),
	(3264, '87', 'Marsh Seedbox', '0', 1867, 4575),
	(3265, '15', 'Hairy Banana', '0', NULL, 4176),
	(3266, '115', 'Palo De Hueso', '0', 1807, 3875),
	(3267, '70', 'Leavenworth\'s Vetch', '0', NULL, 4663),
	(3268, '32', 'Thicket Sedge', '0', NULL, 3992),
	(3269, '36', 'Disc Lichen', '0', 1814, NULL),
	(3270, '185', 'Tropical Whiteweed', '0', 1802, 4255),
	(3271, '114', 'Spider Lupine', '0', 1851, NULL),
	(3272, '185', 'Oppositeleaf Spotflower', '0', 1882, 3984),
	(3273, '170', 'Williams\' Springparsley', '0', NULL, NULL),
	(3274, '100', 'Splitleaf Gilia', '0', 1839, NULL),
	(3275, '44', 'Premna', '0', 1798, 3957),
	(3276, '179', 'Arkansas Ironweed', '0', 1819, 4061),
	(3277, '36', 'Bigfruit Dodder', '0', 1808, 4825),
	(3278, '144', 'Lumholtz\'s Prairie Clover', '0', 1807, 4168),
	(3279, '67', 'Whisky Currant', '0', NULL, 4404),
	(3280, '175', 'Parish\'s Milkvetch', '0', 1832, 4527),
	(3281, '137', 'White Ironbark', '0', 1848, 4344),
	(3282, '117', 'Cartilage Lichen', '0', 1825, NULL),
	(3283, '85', 'Tricyrtis', '0', NULL, 4402),
	(3284, '193', 'Kunana Pepperwort', '0', 1808, 4027),
	(3285, '171', 'Cottonheads', '0', 1820, 4239),
	(3286, '110', 'Small Limestone Moss', '0', 1888, 4001),
	(3287, '132', 'Pine Barren Beaksedge', '0', NULL, 4708),
	(3288, '180', 'Sedge', '0', NULL, NULL),
	(3289, '14', 'Oconee Bells', '0', 1883, 4709),
	(3290, '53', 'Smallflower Fishhook Cactus', '0', 1848, 4161),
	(3291, '77', 'Adobe Snakeroot', '0', NULL, 4076),
	(3292, '168', 'Fragrant Eryngo', '0', 1805, NULL),
	(3293, '70', 'Beautiful Rockcress', '0', 1877, 4040),
	(3294, '12', 'Arizona Needle Grama', '0', NULL, NULL),
	(3295, '174', 'Showy Medinilla', '0', NULL, 3863),
	(3296, '97', 'Kane County Twinpod', '0', 1823, 4736),
	(3297, '68', 'Lemonyellow Rosemallow', '0', NULL, 4132),
	(3298, '22', 'Vasey\'s Wild Lime', '0', 1891, NULL),
	(3299, '89', 'Whiteflower Leafcup', '0', 1817, NULL),
	(3300, '73', 'Kennedy\'s Buckwheat', '0', 1850, 3899),
	(3301, '124', 'Alakai Swamp Pritchardia', '0', 1856, 4781),
	(3302, '155', 'Kirschsteiniothelia Lichen', '0', 1860, 3946),
	(3303, '156', 'Cracked Lichen', '0', NULL, 4715),
	(3304, '52', 'California Figwort', '0', 1890, 4228),
	(3305, '136', 'Great Blue Lobelia', '0', 1808, NULL),
	(3306, '185', 'Harsh Indian Paintbrush', '0', 1855, 4299),
	(3307, '153', 'James\' Prairie Clover', '0', NULL, 4620),
	(3308, '126', 'Garfield Lupine', '0', 1892, 4570),
	(3309, '129', 'Organpipe Cactus', '0', 1893, 3943),
	(3310, '139', 'Lanceleaf Buckthorn', '0', 1844, 4499),
	(3311, '97', 'Bristly Buttercup', '0', 1829, 4605),
	(3312, '72', 'Lesser Indian Paintbrush', '0', NULL, 3942),
	(3313, '35', 'Ahart\'s Dwarf Rush', '0', NULL, 4163),
	(3314, '65', 'Thinleaf Goldenhead', '0', 1810, NULL),
	(3315, '49', 'Water Soldiers', '0', 1889, 3968),
	(3316, '88', 'Cynodontium Moss', '0', 1806, 4467),
	(3317, '184', 'Timber Milkvetch', '0', 1821, 4079),
	(3318, '28', 'Hooker\'s Silene', '0', 1862, 4756),
	(3319, '197', 'Cascade Lake Ceanothus', '0', 1813, 4102),
	(3320, '96', 'Kirilow\'s Indigo', '0', NULL, 4094),
	(3321, '178', 'Hairy Medick', '0', NULL, 3886),
	(3322, '161', 'Sunfacing Coneflower', '0', 1824, 4288),
	(3323, '106', 'Peltula Lichen', '0', 1804, 4236),
	(3324, '11', 'Nodding Bluegrass', '0', 1809, NULL),
	(3325, '64', 'Chinese Ash', '0', 1839, 4027),
	(3326, '59', 'Broad Looseflower Sedge', '0', 1801, NULL),
	(3327, '24', 'Wild Indigo', '0', 1859, 4474),
	(3328, '84', 'Pennsylvania Clubmoss', '0', 1834, 4286),
	(3329, '140', 'Cleveland\'s Spineflower', '0', 1802, NULL),
	(3330, '49', '\'ohi\'a Ha', '0', 1862, 4469),
	(3331, '172', 'Sheep Cinquefoil', '0', 1798, 4297),
	(3332, '72', 'Pink Fameflower', '0', NULL, 4097),
	(3333, '109', 'Clear Creek Fleabane', '0', 1809, 4571),
	(3334, '126', 'Ogilvie Range Draba', '0', 1848, 3892),
	(3335, '5', 'Caucasian Stonecrop', '0', NULL, 4632),
	(3336, '31', 'Pyrethum Daisy', '0', 1868, 4053),
	(3337, '70', 'Colorado Buckhorn Cholla', '0', 1893, 4015),
	(3338, '198', 'Disjuct Melanelia Lichen', '0', 1874, 4857),
	(3339, '198', 'Madagascar Flatsedge', '0', NULL, 4693),
	(3340, '97', 'Floerkea\'s Phascum Moss', '0', 1865, 4497),
	(3341, '134', 'Peltula Lichen', '0', 1832, 4805),
	(3342, '32', 'Eucalyptus', '0', 1855, 3887),
	(3343, '190', 'Onehair Mountainmint', '0', 1888, NULL),
	(3344, '159', 'Caribbean Filmy Fern', '0', 1885, 4064),
	(3345, '9', 'Bristly Oswego Blackberry', '0', 1825, NULL),
	(3346, '34', 'Mediterranean Figwort', '0', 1811, 4488),
	(3347, '106', 'Lady\'s Tresses', '0', NULL, 4696),
	(3348, '146', 'False Wheatgrass', '0', 1887, 4545),
	(3349, '185', 'Argentina Mountain Bamboo', '0', 1815, 4800),
	(3350, '188', 'Cithara Buckwheat', '0', 1888, 4744),
	(3351, '143', 'Dacrycarpus', '0', NULL, 4386),
	(3352, '92', 'Pink Stickseed', '0', 1801, 4332),
	(3353, '20', 'Crato Passionvine', '0', 1810, 4781),
	(3354, '79', 'Torrey\'s Blazingstar', '0', 1832, 4558),
	(3356, '126', 'Roundflower Catclaw', '0', 1804, 4235),
	(3357, '102', 'Great Basin Popcornflower', '0', 1851, 4368),
	(3358, '80', 'Colorado Fescue', '0', 1832, 4730),
	(3359, '35', 'Sturt\'s Desert Rose', '0', 1887, NULL),
	(3360, '45', 'Bottlebrush Threeawn', '0', 1895, 4193),
	(3361, '96', 'Narrowleaf Gumweed', '0', NULL, 4645),
	(3362, '115', 'Macoun\'s Cudweed', '0', 1895, 3929),
	(3363, '45', 'African Bermudagrass', '0', 1872, 4092),
	(3364, '135', 'Hairy Bugseed', '0', 1849, 4103),
	(3367, '63', 'Annual Windmills', '0', 1845, 3986),
	(3368, '184', 'Mearns\' Bird\'s-foot Trefoil', '0', NULL, 4246),
	(3369, '89', 'Lentil', '0', 1879, NULL),
	(3370, '147', 'Hayfield Tarweed', '0', NULL, 3892),
	(3371, '60', 'Fishscale Lichen', '0', 1814, 4372),
	(3372, '43', 'Pinpoint Clover', '0', NULL, 3912),
	(3373, '130', 'Globe Dodder', '0', NULL, 4798),
	(3374, '177', 'Snow Lichen', '0', 1872, NULL),
	(3375, '96', 'Crimson Woodsorrel', '0', 1810, NULL),
	(3376, '37', 'Florida Dot Lichen', '0', 1882, 4079),
	(3377, '32', 'Turner Wildrye', '0', 1882, 4438),
	(3378, '38', 'Pincushion Beardtongue', '0', 1833, 4200),
	(3379, '176', 'Macoun\'s Rockcress', '0', 1839, 4811),
	(3380, '192', 'West Indian Bluestem', '0', 1880, NULL),
	(3381, '60', 'Yellowray Goldfields', '0', 1879, NULL),
	(3382, '159', 'Panaluu Mountain Rollandia', '0', 1885, 4255),
	(3383, '27', 'Kapoktree', '0', 1829, 3977),
	(3384, '163', 'Pink Azalea', '0', 1884, 4120),
	(3385, '182', 'Itchgrass', '0', NULL, 4175),
	(3386, '200', 'Fleshyfruit Gladecress', '0', NULL, 4736),
	(3387, '10', 'Northern Indian Paintbrush', '0', 1873, NULL),
	(3388, '60', 'Kidney Lichen', '0', 1845, 4732),
	(3389, '21', 'Common Hoptree', '0', NULL, NULL),
	(3390, '52', 'Smallseed Paspalum', '0', NULL, 4367),
	(3391, '199', 'Clappertonia', '0', NULL, 4479),
	(3392, '120', 'Lecidea Lichen', '0', 1859, 4860),
	(3393, '95', 'Broadleaf Lupine', '0', 1802, NULL),
	(3394, '189', 'Torrey\'s Craglily', '0', NULL, NULL),
	(3395, '32', 'Mountain Azalea', '0', 1848, 4806),
	(3396, '34', 'Dwarf Checkerbloom', '0', NULL, 4381),
	(3397, '167', 'Hart\'s Tonguefern', '0', 1839, 4676),
	(3398, '6', 'Creeping Spiderling', '0', 1834, NULL),
	(3399, '14', 'Manybristle Chinchweed', '0', NULL, 4609),
	(3401, '60', 'Southern Bayberry', '0', 1870, NULL),
	(3402, '126', 'Desert Blazingstar', '0', 1814, 4859),
	(3403, '111', 'Florida Lecidea Lichen', '0', 1820, 4313),
	(3404, '131', 'Baby Blue Eyes', '0', NULL, 4312),
	(3405, '74', 'Annual Desert Milkvetch', '0', NULL, 4335),
	(3406, '80', 'Paper Birch', '0', 1835, 4548),
	(3407, '133', 'Mexican Indian Paintbrush', '0', 1821, 4500),
	(3408, '29', 'Beaked Spiny Polygala', '0', 1817, NULL),
	(3409, '54', 'Dwarf Pawpaw', '0', 1817, NULL),
	(3410, '91', 'White Hoarypea', '0', NULL, 4176),
	(3411, '1', 'Kealia Gulch Bur Cucumber', '0', 1801, 4525),
	(3412, '74', 'Lecania Lichen', '0', 1872, 4450),
	(3413, '11', 'Apricot', '0', 1854, 4782),
	(3414, '109', 'Goldback Fern', '0', NULL, NULL),
	(3415, '190', 'Island Kihifern', '0', NULL, 4332),
	(3416, '90', 'Summer Lupine', '0', 1857, NULL),
	(3417, '16', 'Molokai Twinsorus Fern', '0', NULL, 3918),
	(3418, '132', 'Slenderleaf Lomatium', '0', 1893, 4180),
	(3419, '74', 'Fewflower Milkweed', '0', 1815, 4009),
	(3420, '30', 'Map Lichen', '0', 1858, NULL),
	(3421, '55', 'Rangoon Creeper', '0', 1873, NULL),
	(3422, '5', 'Billion-dollar Grass', '0', NULL, 4403),
	(3423, '47', 'Common Woolly Sunflower', '0', 1826, 4470),
	(3424, '54', 'Blue Cohosh', '0', 1811, NULL),
	(3425, '155', 'Juratzk\'s Amblystegium Moss', '0', 1817, 4054),
	(3426, '52', 'Lindheimer\'s Blazingstar', '0', 1856, NULL),
	(3427, '177', 'English Oak', '0', 1845, 4405),
	(3428, '153', 'Wigandia', '0', 1824, NULL),
	(3429, '197', 'Slender Popcornflower', '0', NULL, NULL),
	(3430, '47', 'Sweetgum', '0', 1831, 4567),
	(3431, '135', 'Meadow-rue', '0', NULL, 3950),
	(3432, '98', 'Strigose Sicklegrass', '0', 1863, 3878),
	(3433, '161', 'Cutleaf Beardtongue', '0', 1820, 4248),
	(3434, '140', 'Little Nipple Cactus', '0', NULL, 4384),
	(3435, '115', 'Ohelo', '0', NULL, 4692),
	(3436, '61', 'Salsify', '0', 1839, NULL),
	(3437, '164', 'Low Sandwort', '0', 1834, 3895),
	(3438, '106', 'Fragrant Cryptantha', '0', NULL, 4333),
	(3439, '136', 'Ravenel\'s Cryphaea Moss', '0', 1821, 4240),
	(3440, '26', 'Roundleaf Sundew', '0', 1882, 4790),
	(3441, '79', 'Volcan\'s Fuchsia', '0', 1814, 4352),
	(3442, '191', 'Florida Purple Bladderwort', '0', 1888, 4011),
	(3443, '13', 'Woolly Hawkweed', '0', 1892, 4044),
	(3444, '105', 'Bryum Moss', '0', NULL, 4200),
	(3445, '125', 'Silkyscale', '0', 1850, 3906),
	(3446, '196', 'Clermontia', '0', 1893, NULL),
	(3447, '136', 'Marsh\'s Dutchman\'s Pipe', '0', NULL, 4258),
	(3448, '189', 'Eyebane', '0', NULL, 4414),
	(3449, '59', 'Weeping Bottlebrush', '0', NULL, 4116),
	(3450, '54', 'Carolina Nutrush', '0', 1876, 4114),
	(3451, '24', 'Olaga', '0', 1879, 4779),
	(3452, '191', 'Bellemerea Lichen', '0', NULL, 4797),
	(3453, '97', 'Arctic Spotted Felt Lichen', '0', 1885, 4854),
	(3454, '58', 'Phaeographina Lichen', '0', 1839, 4037),
	(3455, '136', 'Netted Chainfern', '0', NULL, 4855),
	(3456, '74', 'Rabo De Gato', '0', 1874, 4552),
	(3458, '70', 'Rusty Foxglove', '0', NULL, 4273),
	(3460, '180', 'Winged-lady Orchid', '0', NULL, 3941),
	(3461, '9', 'Wallroth\'s Trapeliopsis Lichen', '0', 1884, 4536),
	(3462, '122', 'Ives\' Phacelia', '0', 1881, 3998),
	(3463, '42', 'Maiden Fern', '0', 1800, 4033),
	(3464, '159', 'Tube Lichen', '0', 1831, 4816),
	(3465, '159', 'Giant Airplant', '0', 1856, 4390),
	(3466, '139', 'Bahia', '0', NULL, 4115),
	(3467, '77', 'Silver Saltbush', '0', 1852, NULL),
	(3468, '80', 'Broadleaf Cattail', '0', NULL, 3899),
	(3469, '189', 'Lambsquarters', '0', 1877, 4839),
	(3470, '193', 'Candytuft', '0', 1817, 4349),
	(3471, '194', 'Slenderhorn Spineflower', '0', 1816, NULL),
	(3472, '58', 'Redtop Panicgrass', '0', 1852, NULL),
	(3473, '42', 'Lanceleaf Goldenweed', '0', NULL, NULL),
	(3474, '110', 'Tickseed', '0', 1804, 4555),
	(3475, '126', 'Ione Buckwheat', '0', 1831, NULL),
	(3476, '25', 'Nye County False Candytuft', '0', 1887, 4050),
	(3477, '94', 'Sharpglume Brome', '0', 1859, 3934),
	(3478, '134', 'Tiny Trumpet', '0', 1888, 4354),
	(3479, '51', 'Meadow Evening Primrose', '0', 1830, 4495),
	(3480, '3', 'Dimpled Troutlily', '0', 1806, 4785),
	(3481, '57', 'Bulrush', '0', NULL, NULL),
	(3482, '33', 'Bladder Campion', '0', 1864, 4312),
	(3483, '26', 'Whitebark Raspberry', '0', 1890, 4379),
	(3484, '163', 'Ohelo', '0', NULL, 4374),
	(3485, '147', 'Adirondack Rinodina Lichen', '0', 1867, 4172),
	(3486, '35', 'Javan Pyrgillus Lichen', '0', 1817, 4016),
	(3487, '184', 'Sweetclover Vetch', '0', 1832, 4495),
	(3488, '94', 'Puffcalyx Gilia', '0', NULL, 4803),
	(3489, '174', 'Cisco Milkvetch', '0', 1884, 4484),
	(3490, '13', 'Chihuahuan Lovegrass', '0', 1849, 3998),
	(3491, '18', 'Carey\'s Sedge', '0', 1844, NULL),
	(3492, '185', 'Five-stamen Tamarisk', '0', 1859, 4356),
	(3493, '198', 'Violet Blue Eyed Mary', '0', 1872, 4032),
	(3494, '198', 'Wild Coffee', '0', 1862, 4737),
	(3495, '64', 'Limestone Blue-eyed Grass', '0', 1811, 4374),
	(3496, '7', 'Santa Susana Tarweed', '0', 1894, 4146),
	(3497, '45', 'Angularfruit Ma\'oloa', '0', 1868, 3940),
	(3498, '123', 'Little Mountain Meadow-rue', '0', 1819, NULL),
	(3499, '169', 'Livermore Sandwort', '0', 1818, 4071),
	(3500, '88', 'Beetleweed', '0', NULL, 4468),
	(3501, '24', 'Arizona Beard Lichen', '0', NULL, 4520),
	(3502, '174', 'Wireweed', '0', NULL, 4159),
	(3503, '40', 'Chiricahua Mountain Dock', '0', 1868, NULL),
	(3504, '196', 'Japanese Flowering Cherry', '0', 1800, NULL),
	(3505, '33', 'Sunbonnets', '0', 1808, 4444),
	(3506, '147', 'Poole\'s Starviolet', '0', NULL, NULL),
	(3508, '22', 'Santa Cruz Manzanita', '0', 1830, 4804),
	(3509, '44', 'Gymnosperma', '0', 1854, NULL),
	(3510, '48', 'Dwarf Umbrella-sedge', '0', 1884, 4271),
	(3511, '179', 'Tall Blue Lettuce', '0', NULL, 4661),
	(3512, '97', 'Bessey\'s Locoweed', '0', 1848, 4180),
	(3513, '144', 'Maui Stenogyne', '0', 1823, 4656),
	(3514, '149', 'Japanese Pachysandra', '0', 1856, 4805),
	(3515, '8', 'Merced Monardella', '0', 1829, 4009),
	(3516, '72', 'Plymouth Blackberry', '0', NULL, NULL),
	(3517, '61', 'Hybrid Oak', '0', NULL, 4823),
	(3518, '41', 'Calamus', '0', 1893, 4463),
	(3519, '27', 'Nitrogen Moss', '0', 1800, 4801),
	(3520, '196', 'Sprouting Leaf Willow', '0', 1861, 4234),
	(3521, '57', 'Kentucky Bluegrass', '0', 1857, NULL),
	(3522, '129', 'Blite Goosefoot', '0', 1829, 4471),
	(3523, '189', 'White Milkwort', '0', 1839, 4664),
	(3524, '2', 'Pinwheelflower', '0', 1875, 4529),
	(3525, '1', 'Endolepis', '0', 1831, 4693),
	(3526, '100', 'Upland Larkspur', '0', 1804, 4223),
	(3527, '73', 'Esslingeriana Lichen', '0', 1864, 4470),
	(3528, '65', 'Wirestem Muhly', '0', 1885, 4131),
	(3529, '77', 'Sintenis\' Clubmoss', '0', 1813, NULL),
	(3530, '37', 'Granadillo Bobo', '0', 1847, 4659),
	(3531, '141', 'Drummond\'s Leaf-flower', '0', 1832, 4837),
	(3532, '40', 'Bill\'s Neoparrya', '0', NULL, 4550),
	(3533, '98', 'Leafy Skyrocket', '0', NULL, 4098),
	(3534, '137', 'California Stork\'s Bill', '0', NULL, NULL),
	(3535, '7', 'Sugar Maple', '0', 1874, 3915),
	(3536, '41', 'Jumpseed', '0', 1808, 4260),
	(3537, '194', 'Thelocarpon Lichen', '0', NULL, 4649),
	(3538, '89', 'Leggett\'s Pinweed', '0', NULL, NULL),
	(3539, '8', 'Rustyhair Saxifrage', '0', 1888, 4550),
	(3540, '157', 'Trailing Abutilon', '0', 1844, 4844),
	(3541, '116', 'Socrates Mine Jewelflower', '0', 1802, 4461),
	(3542, '108', 'Indian Banyan', '0', 1839, 4133),
	(3543, '68', 'Chinese Red Pine', '0', NULL, 3906),
	(3544, '81', 'Ragged Rockflower', '0', 1871, 4145),
	(3545, '51', 'Tropical Sensitive Pea', '0', 1807, NULL),
	(3546, '115', 'Yellowhood', '0', 1848, 4532),
	(3547, '93', 'Light Poppymallow', '0', 1804, 4579),
	(3548, '57', 'Atoto', '0', 1831, NULL),
	(3549, '80', 'Yellow Twining Snapdragon', '0', 1887, 4496),
	(3550, '44', 'Wheel Milkweed', '0', NULL, 4469),
	(3551, '42', 'Eastern Hayscented Fern', '0', 1876, NULL),
	(3552, '160', 'Buckeye', '0', 1806, 4395),
	(3553, '159', 'Fourpart Dwarf Gentian', '0', NULL, 4474),
	(3554, '103', 'California Knotweed', '0', 1825, NULL),
	(3555, '159', 'Mistletoe', '0', 1803, 4818),
	(3556, '132', 'Sierra Triteleia', '0', 1879, 4121),
	(3557, '53', 'Star Orchid', '0', 1846, 3932),
	(3558, '33', 'Mossgrass', '0', 1851, 4815),
	(3559, '66', 'Rinodina Lichen', '0', NULL, NULL),
	(3560, '83', 'Giant Checkerbloom', '0', 1888, 4062),
	(3561, '186', 'Newberry\'s Cinquefoil', '0', 1870, 4119),
	(3562, '23', 'Vermejo Phlox', '0', 1858, 4646),
	(3563, '52', 'Chaparral Whitethorn', '0', 1818, 4555),
	(3564, '14', 'Seaside Knotweed', '0', NULL, 4573),
	(3565, '174', 'Virgin Island Passionflower', '0', NULL, 4348),
	(3566, '144', 'Clustered Sedge', '0', 1869, NULL),
	(3567, '41', 'Hoary Mountainmint', '0', NULL, NULL),
	(3568, '43', 'Glandular False Calico', '0', 1829, 4499),
	(3569, '97', 'Common Selfheal', '0', 1812, NULL),
	(3570, '72', 'Ripgut Brome', '0', 1800, 3891),
	(3571, '111', 'Burnweed', '0', NULL, 4091),
	(3572, '4', 'Golden Carpetgrass', '0', 1877, 4573),
	(3573, '26', 'Franciscan Manzanita', '0', NULL, NULL),
	(3574, '106', 'Incline Distichium Moss', '0', NULL, NULL),
	(3575, '123', 'Maricao', '0', NULL, 4363),
	(3576, '98', 'Tharp\'s Phlox', '0', NULL, NULL),
	(3577, '122', 'Deepscar Cryptantha', '0', 1814, 4350),
	(3578, '19', 'Phlyctidia Lichen', '0', NULL, 3992),
	(3579, '135', 'Desert Ceanothus', '0', NULL, 3906),
	(3580, '2', 'California Sandwort', '0', 1875, 4287),
	(3581, '132', 'Mt. Lassen Fleabane', '0', 1882, 4495),
	(3582, '111', 'Arizona Calcareous Moss', '0', 1825, 4598),
	(3583, '170', 'Melanelia Lichen', '0', 1879, 4001),
	(3584, '62', 'Rillita Pellitory', '0', 1835, 4383),
	(3586, '75', 'Bog White Violet', '0', 1807, NULL),
	(3587, '40', 'Thicket Bean', '0', NULL, 4175),
	(3588, '106', 'Puerto Rico Creepingfern', '0', 1887, 4462),
	(3589, '195', 'Chestnut', '0', 1799, 4487),
	(3590, '114', 'Star Peak Fleabane', '0', 1807, 4016),
	(3591, '43', 'Broadleaf Starflower', '0', NULL, 4099),
	(3592, '81', 'Scarlet Rosemallow', '0', 1854, NULL),
	(3593, '37', 'Tumble Lovegrass', '0', NULL, 4042),
	(3594, '17', 'Noddingcaps', '0', 1807, 3874),
	(3595, '32', 'Long-pod-cassia', '0', 1842, 4669),
	(3596, '95', 'Green-tinge Spiderlily', '0', NULL, 4196),
	(3597, '27', 'Dalmatian Toadflax', '0', 1803, 4760),
	(3598, '7', 'Wrinkled Rush', '0', 1872, 4004),
	(3599, '39', 'Subalpine Stonecrop', '0', NULL, 3906),
	(3600, '27', 'Kamala Tree', '0', 1869, 4836),
	(3601, '174', 'Parsley', '0', 1885, 3942),
	(3602, '192', 'Cushion Cryptantha', '0', NULL, 4352),
	(3603, '1', 'Ponderosa Pine', '0', 1822, 3908),
	(3604, '75', 'Piedmont Leather-root', '0', 1870, 4121),
	(3605, '67', 'Ceanothus', '0', 1816, 4021),
	(3606, '78', 'Telosma', '0', 1843, 4603),
	(3607, '86', 'Hitchcock\'s Smooth Woodrush', '0', 1867, 4144),
	(3608, '21', 'Stenosiphon', '0', 1800, 4640),
	(3609, '107', 'Sintenis\' Spike-rush', '0', 1889, 4032),
	(3610, '164', 'Fiveminute Grass', '0', NULL, 4524),
	(3611, '131', 'Bear River Fleabane', '0', NULL, 4582),
	(3612, '175', 'Deer Goldenbush', '0', NULL, NULL),
	(3613, '42', 'Oregon Checkerbloom', '0', 1812, 4584),
	(3614, '94', 'Slender Wild Cabbage', '0', 1875, 3958),
	(3615, '38', 'Pitscale Grass', '0', NULL, NULL),
	(3617, '171', 'Littleleaf Mountain Mahogany', '0', 1804, 4237),
	(3619, '151', 'Grimmia Dry Rock Moss', '0', 1870, NULL),
	(3620, '46', 'Glechoma', '0', NULL, NULL),
	(3621, '82', 'Fiveangled Dodder', '0', 1888, 4107),
	(3622, '199', 'Sanddune Sedge', '0', 1872, NULL),
	(3623, '196', 'Branching Phacelia', '0', 1809, 3888),
	(3624, '39', 'Isely\'s Stickpea', '0', NULL, 4101),
	(3625, '93', 'Peltate Dutchman\'s Pipe', '0', 1833, 4408),
	(3626, '193', 'Ladies\'-tresses', '0', NULL, 4638),
	(3627, '28', 'Rockjasmine Monkeyflower', '0', 1823, NULL),
	(3628, '78', 'Peacocksplume', '0', 1882, 4795),
	(3629, '10', 'Stiff Ticktrefoil', '0', 1849, NULL),
	(3630, '70', 'Oblong Salvinia', '0', NULL, 4434),
	(3631, '93', 'Dwarf Mentzelia', '0', 1863, 3894),
	(3632, '176', 'West Indies Sandmat', '0', 1815, NULL),
	(3633, '159', 'Nestronia', '0', 1889, 4382),
	(3634, '5', 'Lesser Creeping Rush', '0', 1869, 4367),
	(3635, '114', 'Bastardcabbage', '0', NULL, 4060),
	(3636, '2', 'European Knotweed', '0', NULL, 4607),
	(3637, '9', 'Rock Harlequin', '0', NULL, 3919),
	(3638, '53', 'Alpine Sagebrush', '0', 1880, NULL),
	(3639, '34', 'Nehe Kuhiwa', '0', 1829, 3943),
	(3640, '130', 'Yellow-box', '0', 1866, 3884),
	(3641, '101', 'Rigid Whitetop Aster', '0', 1835, 4217),
	(3642, '52', 'Square Goose Neck Moss', '0', 1818, 4294),
	(3643, '195', 'Dicranoweisia Moss', '0', NULL, NULL),
	(3644, '98', 'West Indian Tufted Airplant', '0', 1890, 4855),
	(3645, '92', 'Lomatogonium', '0', 1849, 4246),
	(3646, '107', 'Lecidea Lichen', '0', 1865, 4605),
	(3648, '39', 'Bouncingbet', '0', NULL, 4000),
	(3650, '186', 'Cracked Lichen', '0', 1835, 3911),
	(3651, '197', 'Stenocybe Lichen', '0', NULL, 4775),
	(3652, '79', 'Tortula Moss', '0', 1824, NULL),
	(3653, '126', 'Junak\'s Desertdandelion', '0', NULL, 3918),
	(3654, '29', 'Texas Sotol', '0', 1867, NULL),
	(3655, '159', 'Bastard Oak', '0', NULL, NULL),
	(3656, '69', 'Hellroot', '0', NULL, 4837),
	(3657, '156', 'Coulter\'s Balsam Apple', '0', 1865, 4444),
	(3658, '13', 'Wood Bluegrass', '0', 1846, 3978),
	(3659, '78', 'Tasmanian Bluegum', '0', 1856, 4609),
	(3660, '166', 'Macoun\'s Hornwort', '0', NULL, NULL),
	(3661, '144', 'Maxon\'s Tonguefern', '0', 1814, NULL),
	(3662, '84', 'Slender Orcutt Grass', '0', 1896, NULL),
	(3663, '5', 'Brewer\'s Jewelflower', '0', NULL, 4384),
	(3664, '76', 'Rugel\'s Nightshade', '0', 1868, 4066),
	(3665, '100', 'Thompson\'s Dalea', '0', 1808, NULL),
	(3666, '94', 'Low Silverbush', '0', 1870, 4062),
	(3667, '111', 'Brandegee\'s Springbeauty', '0', NULL, 4097),
	(3668, '123', 'Shepardscress', '0', 1894, 3969),
	(3669, '123', 'Phaeorrhiza Lichen', '0', NULL, 3980),
	(3670, '28', 'Tansyleaf Evening Primrose', '0', 1865, 4833),
	(3671, '80', 'Scribble Lichen', '0', NULL, NULL),
	(3672, '90', 'African Asparagus Fern', '0', 1843, 4812),
	(3673, '7', 'Mougeot\'s Amphidium Moss', '0', 1855, 4282),
	(3674, '146', 'Curryleaftree', '0', 1846, 3973),
	(3675, '67', 'Lecidea Lichen', '0', 1817, 4728),
	(3676, '1', 'Powdery Milkvetch', '0', 1823, NULL),
	(3677, '51', 'Whorled Plantain', '0', NULL, 4021),
	(3678, '65', 'Purple Pricklypear', '0', 1875, 3916),
	(3679, '85', 'Plateilema', '0', NULL, 4549),
	(3680, '119', 'Montezuma Melicgrass', '0', 1893, 4106),
	(3681, '123', 'Antelope Grass', '0', 1844, 3971),
	(3682, '84', 'Fort Bowie Prairie Clover', '0', NULL, 4562),
	(3683, '38', 'Cinnamonspot Pondweed', '0', NULL, 4016),
	(3684, '103', 'Pea', '0', 1827, 4224),
	(3685, '172', 'Dirina Lichen', '0', 1879, 4293),
	(3686, '95', 'Beard Lichen', '0', 1849, 4084),
	(3687, '133', 'California Rayless Fleabane', '0', NULL, 4558),
	(3688, '183', 'Labrador Bluegrass', '0', NULL, 4442),
	(3689, '17', 'Darlington Oak', '0', 1810, 4794),
	(3690, '154', 'Lacy Thistle', '0', 1856, 4697),
	(3691, '164', 'Great Basin Tumblemustard', '0', NULL, NULL),
	(3692, '158', 'Flaming Trumpet', '0', NULL, 4216),
	(3693, '81', 'Skin Lichen', '0', 1860, 4679),
	(3694, '193', 'Lemon Beebalm', '0', NULL, 4345),
	(3695, '69', 'Pseudoditrichum Moss', '0', 1819, 3891),
	(3696, '130', 'Eightpetal Mountain-avens', '0', NULL, 3900),
	(3697, '168', 'Appalachian Cliff Fern', '0', 1814, 4505),
	(3698, '165', 'Umbrella Star Orchid', '0', 1851, 4287),
	(3699, '189', 'Yellow Monkshood', '0', 1867, 4380),
	(3700, '71', 'Eaton\'s Aster', '0', 1883, 4007),
	(3701, '183', 'Firethorn', '0', NULL, 4259),
	(3702, '106', 'Grassleaf Lettuce', '0', 1885, 4739),
	(3703, '159', 'Common Blue Violet', '0', 1841, 4293),
	(3704, '17', 'Wideleaf Homomallium Moss', '0', NULL, NULL),
	(3705, '90', 'Chromatochlamys Lichen', '0', 1856, NULL),
	(3706, '184', 'Watermoss', '0', 1852, 3913),
	(3707, '122', 'Colorado Feverfew', '0', 1815, 4612),
	(3708, '117', 'Pricklypear', '0', 1824, 4155),
	(3709, '9', 'Dwarf Milkweed', '0', 1819, 3930),
	(3710, '167', 'New Mexico Rim Lichen', '0', NULL, 4247),
	(3711, '181', 'Arrabidaea', '0', 1856, 4490),
	(3712, '4', 'Thoroughwort', '0', 1895, 4108),
	(3713, '57', 'Dot Lichen', '0', 1845, NULL),
	(3714, '37', 'Maui Cyanea', '0', 1879, 4445),
	(3715, '141', 'Thelocarpon Lichen', '0', 1875, 4150),
	(3716, '97', 'Tree Aenium', '0', NULL, 4224),
	(3717, '126', 'Sharpleaf Baby\'s-breath', '0', 1824, 4625),
	(3718, '104', 'Hairy Woollygrass', '0', NULL, 4653),
	(3719, '107', 'Shade Mudflower', '0', 1846, 4587),
	(3720, '175', 'Spearleaf Buckwheat', '0', NULL, 4125),
	(3721, '70', 'Yellow Wild Indigo', '0', 1881, NULL),
	(3722, '150', 'Gyalidea Lichen', '0', 1861, NULL),
	(3723, '62', 'Galisteo Sand Verbena', '0', NULL, 3999),
	(3724, '37', 'Railroadfence', '0', 1861, 4771),
	(3725, '32', 'Sneezeweed', '0', 1819, 4401),
	(3726, '39', 'Kidneyleaf Rosinweed', '0', 1873, NULL),
	(3727, '118', 'Oat Brome', '0', NULL, NULL),
	(3728, '178', 'Dryostichum', '0', NULL, 4155),
	(3729, '97', 'Cottonwood', '0', 1805, 4234),
	(3730, '147', 'Smallray Goldfields', '0', 1853, 4586),
	(3731, '16', 'Spotted Beebalm', '0', 1821, 4399),
	(3732, '20', 'Sedge', '0', 1895, 4253),
	(3733, '195', 'Pycothelia Lichen', '0', NULL, 4212),
	(3734, '8', 'Hapu\'u', '0', 1874, 4438),
	(3735, '161', 'Kori-yanagi', '0', NULL, 4277),
	(3736, '184', 'Hybrid European Blackberry', '0', 1897, 4641),
	(3737, '161', 'Bluntleaf Spleenwort', '0', 1895, 4375),
	(3738, '50', 'Kousa Dogwood', '0', 1821, NULL),
	(3739, '95', 'White Doll\'s Daisy', '0', 1804, 4795),
	(3740, '105', 'Rimmed Lichen', '0', NULL, 4809),
	(3741, '140', 'Carolina Nutrush', '0', 1824, 4833),
	(3742, '146', 'Sessileleaf Ticktrefoil', '0', NULL, NULL),
	(3743, '97', 'Narcissus Anemone', '0', NULL, 4022),
	(3744, '79', 'Foxtail Cactus', '0', 1880, 4654),
	(3745, '130', 'Columbian Monkshood', '0', 1878, 3972),
	(3746, '87', 'Macoun\'s Arthothelium Lichen', '0', 1802, NULL),
	(3747, '84', 'Dwarf Ginseng', '0', 1826, NULL),
	(3748, '177', 'Sierra Wildrye', '0', 1828, 4258),
	(3749, '114', 'Weather Prophet', '0', 1828, NULL),
	(3750, '36', 'Orchid Ipomopsis', '0', NULL, 4468),
	(3751, '165', 'Pore Lichen', '0', NULL, 4619),
	(3752, '112', 'Alpine Bulrush', '0', NULL, 4130),
	(3753, '136', 'Wart Lichen', '0', 1806, 4276),
	(3754, '189', 'Vavilov\'s Clover', '0', 1812, 4264),
	(3755, '129', 'Siskiyou Splashzone Moss', '0', 1822, 4137),
	(3756, '161', 'Summer Grape', '0', 1803, 3981),
	(3757, '181', 'Hypnum Moss', '0', 1813, 4692),
	(3758, '22', 'Spike Muhly', '0', 1883, NULL),
	(3759, '56', 'Verde Four-nerve Daisy', '0', 1893, 4526),
	(3760, '147', 'Coulter\'s Lupine', '0', 1819, NULL),
	(3761, '165', 'Alaska Indian Paintbrush', '0', 1867, 4406),
	(3762, '107', 'Gyroweisia Moss', '0', NULL, NULL),
	(3763, '141', 'Roetter\'s Hedgehog Cactus', '0', 1827, NULL),
	(3764, '24', 'Greenland Rim Lichen', '0', NULL, 4127),
	(3765, '15', 'Yuma Browneyes', '0', 1851, 4621),
	(3766, '111', 'Widgeonweed', '0', NULL, 3996),
	(3767, '146', 'Kauai Delissea', '0', 1818, NULL),
	(3768, '192', 'Desert Starvine', '0', NULL, 4341),
	(3769, '13', 'Wild Celery', '0', NULL, 4065),
	(3770, '175', 'Tavares\' Matted Lichen', '0', 1875, 4299),
	(3771, '173', 'Alumroot', '0', 1877, 4014),
	(3772, '16', 'Scarletfruit Passionflower', '0', 1801, NULL),
	(3773, '44', 'California Goldenrod', '0', 1806, 4006),
	(3774, '150', 'Reed\'s Didymodon Moss', '0', 1870, 4742),
	(3775, '47', 'Black Grama', '0', 1829, 4042),
	(3776, '90', 'Broadleaf Helleborine', '0', 1821, NULL),
	(3777, '79', 'Bigleaf Lupine', '0', 1895, 4277),
	(3778, '175', 'Ulluco', '0', 1871, NULL),
	(3779, '167', 'Florida Dutchman\'s Pipe', '0', 1817, NULL),
	(3780, '30', 'Japanese Netvein Hollyfern', '0', NULL, 4099),
	(3781, '167', 'Red Currant', '0', NULL, 4584),
	(3782, '125', 'Tuerckheimia Moss', '0', 1828, 4557),
	(3783, '68', 'Rochester Hawthorn', '0', 1870, NULL),
	(3784, '20', 'Rock Harlequin', '0', NULL, NULL),
	(3785, '104', 'Least Willow', '0', 1806, 3894),
	(3786, '52', 'Arthothelium Lichen', '0', NULL, 4375),
	(3787, '183', 'Common Hoptree', '0', 1816, 4544),
	(3788, '97', 'Little Curlygrass Fern', '0', 1823, 4512),
	(3789, '17', 'Dimple Lichen', '0', NULL, 3922),
	(3790, '71', 'El Paso Pricklypear', '0', NULL, NULL),
	(3791, '100', 'Bluecup', '0', NULL, 4199),
	(3792, '175', 'European Plum', '0', 1877, 4843),
	(3793, '42', 'Chase\'s Threeawn', '0', 1875, 4409),
	(3794, '72', 'Babassu', '0', 1841, 4336),
	(3795, '97', 'Rim Lichen', '0', 1896, NULL),
	(3796, '26', 'Sticky Western Rosinweed', '0', 1847, NULL),
	(3797, '134', 'Sharppod Rushpea', '0', NULL, 3863),
	(3798, '64', 'New England Blackbutt', '0', 1894, 4194),
	(3799, '32', 'Asahina\'s Cup Lichen', '0', 1868, 4484),
	(3800, '25', 'Lemmon\'s Rockcress', '0', NULL, 4034),
	(3801, '50', 'Buckthorn', '0', NULL, 4109),
	(3802, '103', 'Martin\'s Ceanothus', '0', 1881, 4653),
	(3803, '79', 'Baker\'s Lupine', '0', 1889, 4047),
	(3804, '199', 'Breadfruit', '0', NULL, NULL),
	(3805, '103', 'Longleaf False Goldeneye', '0', 1800, NULL),
	(3806, '19', 'Ceratostigma', '0', 1852, 4712),
	(3807, '191', 'Polyalthia', '0', 1818, 4031),
	(3808, '182', 'Shortspine Horsebrush', '0', 1879, 4245),
	(3809, '108', 'Berteron\'s Rattlebox', '0', NULL, 4049),
	(3810, '150', 'Wart Lichen', '0', 1877, NULL),
	(3811, '145', 'Thompson\'s Dalea', '0', 1810, 4760),
	(3812, '2', 'Kyasuma Grass', '0', NULL, 4495),
	(3813, '139', 'Bird-of-paradise', '0', 1878, 4827),
	(3814, '153', 'Rhodes Grass', '0', 1823, NULL),
	(3815, '132', 'Perovskia', '0', 1892, 4384),
	(3816, '27', 'Texas Sunnybell', '0', 1822, 4798),
	(3818, '24', 'California False Hellebore', '0', 1897, 4361),
	(3819, '96', 'Grand Eucalyptus', '0', 1881, 4557),
	(3820, '128', 'Pygmyflower Rockjasmine', '0', 1825, NULL),
	(3821, '32', 'Castle Lake Bedstraw', '0', 1860, 3943),
	(3822, '154', 'Koolau Range Cyrtandra', '0', 1881, 4827),
	(3823, '108', 'Pseudocyphellaria Lichen', '0', NULL, 4711),
	(3824, '78', 'Lecidea Lichen', '0', NULL, NULL),
	(3825, '190', 'Black Salsify', '0', NULL, 4562),
	(3826, '6', 'Fen Bedstraw', '0', 1807, 4254),
	(3827, '159', 'Havard\'s Gumweed', '0', 1809, 4113),
	(3828, '176', 'Sanddune Linanthus', '0', NULL, 4776),
	(3829, '141', 'Nevius\' Stonecrop', '0', 1827, 3967),
	(3830, '129', 'Gregg\'s Ash', '0', 1896, NULL),
	(3831, '178', 'Cultivated Endive', '0', NULL, NULL),
	(3832, '159', 'Violet Blue Eyed Mary', '0', 1885, 4325),
	(3833, '28', 'Panic Liverseed Grass', '0', NULL, NULL),
	(3834, '164', 'Yacon', '0', 1804, NULL),
	(3835, '111', 'African Violet', '0', 1876, 4039),
	(3836, '195', 'Convoluted Barbula Moss', '0', NULL, 4265),
	(3837, '99', 'Spring Gooseberry', '0', NULL, 4351),
	(3838, '119', 'Lemmon\'s Rubberweed', '0', 1863, 4108),
	(3839, '52', 'Whorled Milkwort', '0', 1810, 4827),
	(3840, '127', 'Linanthus', '0', 1869, 4510),
	(3841, '65', 'Chulta', '0', NULL, 4008),
	(3842, '127', 'Glandstem Blackberry', '0', 1844, NULL),
	(3843, '192', 'Peregrine Thistle', '0', 1821, 4618),
	(3844, '44', 'Melanelia Lichen', '0', 1879, 4071),
	(3845, '197', 'Map Lichen', '0', NULL, 4195),
	(3846, '20', 'Guadalupe Waternymph', '0', 1894, 4192),
	(3847, '4', 'Green And Gold', '0', 1856, 4512),
	(3848, '112', 'Hairy Grey Heather', '0', 1880, 4605),
	(3849, '38', 'Russian Thistle', '0', 1854, 4297),
	(3850, '154', 'Devil\'s Shoestring', '0', NULL, NULL),
	(3851, '100', 'Wasatch Bluegrass', '0', 1831, NULL),
	(3852, '22', 'Atamisquea', '0', NULL, NULL),
	(3853, '160', 'Wallowa Onion', '0', 1864, 4146),
	(3854, '44', 'Sarsaparilla', '0', NULL, 4673),
	(3855, '40', 'Cuban Nakedwood', '0', 1807, 4631),
	(3856, '36', 'Brazilian Vervain', '0', NULL, NULL),
	(3857, '128', 'Shrubland Beggarticks', '0', NULL, 4641),
	(3858, '78', 'Odontites', '0', NULL, 4532),
	(3859, '5', 'Willowleaf Sunflower', '0', NULL, NULL),
	(3860, '4', 'Calotropis', '0', NULL, 4323),
	(3861, '134', 'Soot Lichen', '0', 1883, NULL),
	(3862, '140', 'Paper Birch', '0', 1854, 4714),
	(3863, '178', 'Cascade Knotweed', '0', 1888, NULL),
	(3864, '65', 'Limeberry', '0', 1869, 4289),
	(3865, '105', 'Catalina Grass', '0', NULL, 3989),
	(3866, '39', 'Gum Bully', '0', NULL, 4838),
	(3867, '121', 'Marlin Beaksedge', '0', 1882, 4683),
	(3868, '45', 'Dune Tetramolopium', '0', NULL, 4832),
	(3869, '186', 'Big Red Sage', '0', 1870, 4265),
	(3870, '137', 'Tarweed', '0', 1878, 3983),
	(3871, '175', 'Davidson\'s Penstemon', '0', 1841, 4017),
	(3872, '39', 'Purple Desert Lupine', '0', NULL, 4813),
	(3873, '143', 'Crambe', '0', 1828, NULL),
	(3874, '103', 'Slender Spikerush', '0', NULL, NULL),
	(3875, '161', 'Panamint Liveforever', '0', 1878, 4086),
	(3876, '146', 'Sierra Foothill Silverpuffs', '0', 1864, 4320),
	(3877, '76', 'Longawn Sedge', '0', 1850, NULL),
	(3878, '14', 'Fellhanera Lichen', '0', 1884, 4227),
	(3879, '6', 'Downy Prairie Clover', '0', 1823, 4325),
	(3880, '6', 'Western Juniper', '0', 1876, 4604),
	(3881, '47', 'Salt Spring Checkerbloom', '0', 1835, 3907),
	(3882, '85', 'Least Snapdragon', '0', NULL, NULL),
	(3883, '91', 'Coral Necklace', '0', 1839, 4653),
	(3884, '43', 'Caper', '0', 1873, NULL),
	(3885, '127', 'Heartleaf Plantain', '0', 1881, 4513),
	(3886, '106', 'Coville\'s Rush', '0', 1877, 4469),
	(3887, '150', 'Dogmustard', '0', 1880, 4277),
	(3888, '105', 'Florida Cherry Palm', '0', 1875, 4287),
	(3889, '199', 'Pondweed', '0', NULL, 4720),
	(3890, '175', 'Closed Gentian', '0', NULL, 3866),
	(3891, '126', 'Sierran Palm', '0', 1817, 4671),
	(3892, '124', 'Bonavist-bean', '0', 1807, NULL),
	(3893, '83', 'Waihanau Lobelia', '0', 1852, 4766),
	(3894, '104', 'Rim Lichen', '0', 1877, 3986),
	(3895, '144', 'Flaxleaf Monardella', '0', NULL, NULL),
	(3896, '34', 'Cream Cinquefoil', '0', NULL, 3933),
	(3897, '44', 'Sweetspire', '0', 1884, 4297),
	(3898, '25', 'Alpine Bedstraw', '0', 1835, 3871),
	(3899, '191', 'Bristly Fiddleneck', '0', 1830, 4735),
	(3901, '138', 'Oakwoods Ponysfoot', '0', 1810, 3935),
	(3902, '59', 'Ashe\'s Calamint', '0', 1811, 4827),
	(3903, '180', 'Oreas Moss', '0', NULL, 3924),
	(3904, '174', 'Caterpillar Phacelia', '0', 1804, 4695),
	(3905, '191', 'Narrowpetal Wakerobin', '0', 1815, 4860),
	(3906, '186', 'Hedgehog Cactus', '0', NULL, 4634),
	(3907, '132', 'American Cracked Lichen', '0', 1831, 4217),
	(3908, '135', 'Western Waterweed', '0', NULL, 4757),
	(3909, '104', 'Island Swordfern', '0', 1873, 4104),
	(3910, '18', 'Narrowleaf Yellowtops', '0', NULL, 4763),
	(3911, '16', 'Flatcrown Buckwheat', '0', 1893, 4424),
	(3913, '155', 'Shell Lichen', '0', 1811, NULL),
	(3914, '58', 'Sunflower', '0', 1881, NULL),
	(3915, '92', 'Slender Sowthistle', '0', NULL, 4598),
	(3916, '165', 'Twining Soldierbush', '0', 1845, 4191),
	(3917, '11', 'Seaside Disc Lichen', '0', 1816, 4128),
	(3918, '115', 'Foothill Beargrass', '0', 1839, 4856),
	(3919, '24', 'Stork\'s Bill', '0', NULL, 4023),
	(3920, '55', 'White Panicle Aster', '0', NULL, NULL),
	(3921, '127', 'Star Tickseed', '0', 1886, NULL),
	(3922, '156', 'Bruneau Mariposa Lily', '0', 1869, 4654),
	(3923, '81', 'Fewflower Draba', '0', 1889, 3910),
	(3924, '121', 'Peach', '0', NULL, 4271),
	(3925, '85', 'White Rosinweed', '0', NULL, 4186),
	(3926, '3', 'Mojave Brickellbush', '0', NULL, NULL),
	(3927, '156', 'Chestnut Milkvetch', '0', 1859, 4807),
	(3928, '138', 'Cushion Cryptantha', '0', 1837, 4344),
	(3929, '29', 'Bishop\'s Hat', '0', 1800, 3984),
	(3930, '85', 'Slender Blazing Star', '0', 1815, 4508),
	(3931, '152', 'Weed\'s Mariposa Lily', '0', 1834, NULL),
	(3932, '131', 'Rushy Milkvetch', '0', 1883, 4668),
	(3933, '145', 'Manzanilla Trepador', '0', 1894, 4612),
	(3934, '187', 'Mountain Snowberry', '0', NULL, NULL),
	(3935, '45', 'Prettyface', '0', 1815, 3959),
	(3936, '86', 'Summer Coralroot', '0', 1849, NULL),
	(3937, '149', 'Coralbells', '0', 1873, 4656),
	(3938, '4', 'Douglas\' Silverpuffs', '0', 1853, 3983),
	(3939, '97', 'Peltula Lichen', '0', 1838, 4537),
	(3940, '162', 'Beard Lichen', '0', 1838, 4595),
	(3941, '152', 'Virginia Creeper', '0', 1867, 3971),
	(3942, '4', 'Geyer\'s Larkspur', '0', NULL, 4488),
	(3943, '87', 'Cutler\'s Jointfir', '0', NULL, 4541),
	(3944, '158', 'Bugloss', '0', 1883, 4433),
	(3945, '34', 'Forchhammeria', '0', 1855, 4148),
	(3946, '16', 'Brittlestem', '0', 1828, NULL),
	(3947, '15', 'Rio Grande Dewberry', '0', NULL, NULL),
	(3948, '96', 'Smallspore Map Lichen', '0', NULL, 4181),
	(3949, '146', 'Woodbury\'s Lidflower', '0', NULL, 4362),
	(3950, '24', 'Goosefoot Violet', '0', 1840, 3982),
	(3951, '126', 'Horseweed', '0', 1871, 4710),
	(3952, '197', 'San Diego Pepperweed', '0', 1896, 4081),
	(3953, '118', 'California Bottlebrush Grass', '0', 1861, NULL),
	(3954, '142', 'Valley Oak', '0', 1838, 4126),
	(3955, '126', 'American Buckwheat Vine', '0', NULL, 3921),
	(3956, '9', 'Creeping Strapfern', '0', NULL, 3952),
	(3957, '108', 'Tamarind Anisomeridium Lichen', '0', 1853, 4614),
	(3958, '18', 'Egyptian Marjoram', '0', 1892, NULL),
	(3959, '191', 'Marsh Mermaidweed', '0', 1894, 4670),
	(3960, '199', 'Hairsedge', '0', NULL, 4715),
	(3961, '144', 'Markhamia', '0', 1867, 4347),
	(3962, '179', 'Nevada Pea', '0', 1887, 4620),
	(3963, '92', 'Ravenfoot Sedge', '0', 1843, 4340),
	(3964, '195', 'Morton\'s Alpine Oatgrass', '0', 1893, NULL),
	(3965, '72', 'Puerto Rico Alsophila', '0', 1816, NULL),
	(3966, '124', 'Green River Milkvetch', '0', 1874, 4620),
	(3967, '173', 'Earleaf Brickellbush', '0', NULL, 4816),
	(3968, '45', 'Yerba De La Pastora', '0', 1821, 3950),
	(3969, '186', 'Narrowleaf Paleseed', '0', NULL, 4631),
	(3970, '140', 'Urban\'s Lineleaf Fern', '0', 1869, 4412),
	(3971, '109', 'Crown Bulbothrix Lichen', '0', NULL, 4089),
	(3972, '44', 'Bud Saxifrage', '0', 1888, 4028),
	(3973, '36', 'Littleleaf Brickellbush', '0', 1827, 3985),
	(3974, '51', 'Old Man\'s Whiskers', '0', NULL, 4488),
	(3975, '13', 'Woolly Prairie Clover', '0', 1892, 4508),
	(3976, '39', 'Dogwoodleaf', '0', 1882, 4255),
	(3977, '105', 'Yellow Larkspur', '0', 1890, 4493),
	(3978, '105', 'Curtiss\' Milkwort', '0', 1828, 4453),
	(3979, '198', 'Tricharia Lichen', '0', 1836, 4009),
	(3980, '150', 'Broadleaf Pondweed', '0', 1802, 4559),
	(3981, '16', 'Wavy Filmy Fern', '0', 1869, 4384),
	(3982, '154', 'Kauai Bottlebrush', '0', 1849, 4171),
	(3983, '114', 'Small Capsule Dung Moss', '0', NULL, 4384),
	(3984, '114', 'Matrimony Vine', '0', 1875, NULL),
	(3985, '41', 'Hemlock Dwarf Mistletoe', '0', 1862, 3972),
	(3986, '56', 'Orange Lichen', '0', NULL, 4136),
	(3987, '193', 'Darrow\'s Flavopunctelia Lichen', '0', 1802, NULL),
	(3988, '13', 'Philonotis Moss', '0', NULL, 3940),
	(3989, '133', 'Applecactus', '0', 1884, NULL),
	(3990, '34', 'Humboldt\'s Lily', '0', NULL, 4798),
	(3991, '189', 'Perennial Sandmat', '0', NULL, 4799),
	(3992, '124', 'Alkali Goldenbush', '0', 1874, 4833),
	(3993, '84', 'Park Rockcress', '0', NULL, NULL),
	(3994, '16', 'Richardson\'s Calliergon Moss', '0', 1813, 4289),
	(3995, '178', 'Gaudichaud\'s Senna', '0', NULL, 4217),
	(3996, '185', 'Yellowtuft', '0', 1840, 4828),
	(3997, '39', 'Red Mangrove', '0', 1896, 3995),
	(3998, '20', 'Newberry\'s Milkvetch', '0', 1838, NULL),
	(3999, '39', 'Adorned Hawthorn', '0', NULL, 4798),
	(4000, '36', 'Haspan Flatsedge', '0', 1836, 4601);
/*!40000 ALTER TABLE `image` ENABLE KEYS */;

-- Dumping structure for table hoolitels.review
CREATE TABLE IF NOT EXISTS `review` (
  `id` int(11) NOT NULL AUTO_INCREMENT,
  `rating` int(11) NOT NULL DEFAULT 5,
  `text` varchar(1000) DEFAULT NULL,
  `hotel_id` int(11) NOT NULL,
  `user_id` int(11) NOT NULL,
  PRIMARY KEY (`id`),
  UNIQUE KEY `hotel_id_user_id` (`hotel_id`,`user_id`),
  KEY `user_id` (`user_id`),
  CONSTRAINT `FK_review_hotel` FOREIGN KEY (`hotel_id`) REFERENCES `hotel` (`id`),
  CONSTRAINT `FK_review_user` FOREIGN KEY (`user_id`) REFERENCES `user` (`id`)
) ENGINE=InnoDB AUTO_INCREMENT=3 DEFAULT CHARSET=utf8mb4;

-- Dumping data for table hoolitels.review: ~0 rows (approximately)
/*!40000 ALTER TABLE `review` DISABLE KEYS */;
INSERT INTO `review` (`id`, `rating`, `text`, `hotel_id`, `user_id`) VALUES
	(1, 8, 'Här kommer vår fin-fina recension!!!', 1850, 1063),
	(2, 8, 'Här kommer vår fin-fina recension!2', 1800, 1063);
/*!40000 ALTER TABLE `review` ENABLE KEYS */;

-- Dumping structure for table hoolitels.room
CREATE TABLE IF NOT EXISTS `room` (
  `id` int(11) NOT NULL AUTO_INCREMENT,
  `type` enum('Single','Double','Triple','Family') NOT NULL,
  `floor` int(11) NOT NULL DEFAULT 0,
  `number` int(10) unsigned NOT NULL DEFAULT 0,
  `hotel_id` int(11) NOT NULL DEFAULT 0,
  `price` int(11) NOT NULL DEFAULT 0,
  `max_occupancy` int(11) NOT NULL DEFAULT 0,
  `cost_extra_bed` int(11) DEFAULT 0,
  `cost_half_board` int(11) DEFAULT 0,
  `cost_full_board` int(11) DEFAULT 0,
  `cost_all_inclusive` int(11) DEFAULT 0,
  PRIMARY KEY (`id`) USING BTREE,
  UNIQUE KEY `number` (`hotel_id`,`number`) USING BTREE,
  KEY `FK__hotel` (`hotel_id`) USING BTREE,
  CONSTRAINT `FK__hotel` FOREIGN KEY (`hotel_id`) REFERENCES `hotel` (`Id`)
) ENGINE=InnoDB AUTO_INCREMENT=4863 DEFAULT CHARSET=utf8mb4;

-- Dumping data for table hoolitels.room: ~982 rows (approximately)
/*!40000 ALTER TABLE `room` DISABLE KEYS */;
INSERT INTO `room` (`id`, `type`, `floor`, `number`, `hotel_id`, `price`, `max_occupancy`, `cost_extra_bed`, `cost_half_board`, `cost_full_board`, `cost_all_inclusive`) VALUES
	(3863, 'Single', 7, 704, 1818, 900, 1, 289, NULL, 676, NULL),
	(3864, 'Family', 5, 517, 1866, 2200, 4, 93, 241, NULL, NULL),
	(3865, 'Single', 2, 218, 1834, 1100, 1, 48, 191, NULL, NULL),
	(3866, 'Family', 3, 303, 1859, 1750, 4, 61, 136, NULL, NULL),
	(3867, 'Single', 1, 107, 1882, 1240, 1, 122, NULL, 675, NULL),
	(3868, 'Double', 8, 805, 1862, 1500, 2, 210, 179, NULL, NULL),
	(3869, 'Family', 10, 1020, 1877, 2200, 4, 130, NULL, 385, NULL),
	(3870, 'Family', 9, 930, 1809, 1430, 4, 150, NULL, NULL, 1558),
	(3871, 'Triple', 8, 807, 1864, 1650, 3, 178, 124, NULL, NULL),
	(3872, 'Double', 9, 920, 1853, 1300, 2, 86, NULL, 331, NULL),
	(3874, 'Family', 7, 726, 1850, 1750, 4, 62, NULL, 307, NULL),
	(3875, 'Single', 10, 1022, 1882, 1240, 1, 278, NULL, NULL, 1156),
	(3876, 'Family', 2, 212, 1815, 1430, 4, 189, 169, NULL, NULL),
	(3877, 'Triple', 4, 408, 1819, 1250, 3, 139, NULL, NULL, 1698),
	(3878, 'Single', 8, 826, 1831, 1100, 1, 227, NULL, 678, NULL),
	(3879, 'Double', 1, 125, 1805, 1100, 2, 241, NULL, 503, NULL),
	(3880, 'Triple', 8, 821, 1869, 1650, 3, 6, NULL, NULL, 907),
	(3881, 'Single', 8, 817, 1882, 1240, 1, 274, NULL, 365, NULL),
	(3882, 'Single', 9, 909, 1859, 1100, 1, 169, 107, NULL, NULL),
	(3883, 'Single', 1, 115, 1817, 900, 1, 88, 190, NULL, NULL),
	(3884, 'Single', 6, 624, 1858, 1100, 1, 139, 209, NULL, NULL),
	(3885, 'Single', 3, 320, 1885, 1240, 1, 159, 152, NULL, NULL),
	(3886, 'Family', 3, 329, 1872, 2200, 4, 135, 197, NULL, NULL),
	(3887, 'Double', 2, 217, 1895, 1500, 2, 53, 189, NULL, NULL),
	(3888, 'Triple', 5, 513, 1860, 1650, 3, 163, 219, NULL, NULL),
	(3889, 'Family', 6, 608, 1827, 1430, 4, 175, NULL, 418, NULL),
	(3890, 'Family', 3, 314, 1812, 1430, 4, 93, 172, NULL, NULL),
	(3891, 'Double', 3, 303, 1877, 1500, 2, 10, NULL, NULL, 2327),
	(3892, 'Triple', 10, 1007, 1854, 1450, 3, 183, 243, NULL, NULL),
	(3893, 'Family', 2, 221, 1804, 1430, 4, 254, NULL, NULL, 1005),
	(3894, 'Single', 1, 107, 1815, 900, 1, 31, 105, NULL, NULL),
	(3895, 'Single', 3, 322, 1808, 900, 1, 27, NULL, 705, NULL),
	(3896, 'Single', 10, 1026, 1853, 1100, 1, 226, 185, NULL, NULL),
	(3897, 'Family', 9, 901, 1893, 2200, 4, 214, NULL, 762, NULL),
	(3898, 'Family', 8, 801, 1824, 1430, 4, 149, NULL, NULL, 2055),
	(3899, 'Double', 6, 616, 1811, 1100, 2, 284, 217, NULL, NULL),
	(3900, 'Single', 5, 510, 1856, 1100, 1, 210, 152, NULL, NULL),
	(3901, 'Single', 7, 725, 1864, 1240, 1, 11, 189, NULL, NULL),
	(3902, 'Double', 9, 913, 1823, 1100, 2, 70, 204, NULL, NULL),
	(3903, 'Single', 4, 419, 1819, 900, 1, 212, NULL, 507, NULL),
	(3904, 'Double', 4, 414, 1839, 1300, 2, 267, 158, NULL, NULL),
	(3905, 'Family', 4, 403, 1873, 2200, 4, 100, 173, NULL, NULL),
	(3906, 'Family', 6, 628, 1891, 2200, 4, 144, 191, NULL, NULL),
	(3907, 'Double', 5, 507, 1803, 1100, 2, 193, 140, NULL, NULL),
	(3908, 'Single', 4, 424, 1874, 1240, 1, 4, 143, NULL, NULL),
	(3909, 'Family', 8, 812, 1849, 1750, 4, 297, NULL, NULL, NULL),
	(3910, 'Single', 7, 705, 1832, 1100, 1, 281, 210, NULL, NULL),
	(3911, 'Single', 8, 821, 1839, 1100, 1, 5, NULL, NULL, 705),
	(3912, 'Double', 7, 702, 1878, 1500, 2, 176, 127, NULL, NULL),
	(3913, 'Triple', 5, 507, 1833, 1450, 3, 15, NULL, 596, NULL),
	(3914, 'Single', 8, 818, 1894, 1240, 1, 160, NULL, NULL, 2948),
	(3915, 'Double', 6, 614, 1879, 1500, 2, 7, 196, NULL, NULL),
	(3916, 'Single', 8, 830, 1834, 1100, 1, 245, NULL, 439, NULL),
	(3917, 'Triple', 8, 802, 1818, 1250, 3, 135, 219, NULL, NULL),
	(3918, 'Double', 2, 220, 1881, 1500, 2, 59, NULL, 659, NULL),
	(3919, 'Single', 7, 715, 1829, 900, 1, 257, 146, NULL, NULL),
	(3920, 'Double', 3, 316, 1844, 1300, 2, 150, 242, NULL, NULL),
	(3921, 'Single', 1, 114, 1873, 1240, 1, 41, NULL, 790, NULL),
	(3922, 'Double', 7, 726, 1841, 1300, 2, 97, 234, NULL, NULL),
	(3923, 'Family', 2, 207, 1859, 1750, 4, 262, 248, NULL, NULL),
	(3924, 'Triple', 8, 807, 1868, 1650, 3, 5, NULL, 451, NULL),
	(3925, 'Double', 2, 221, 1844, 1300, 2, 228, 177, NULL, NULL),
	(3926, 'Family', 3, 301, 1806, 1430, 4, 79, NULL, 713, NULL),
	(3927, 'Single', 8, 819, 1883, 1240, 1, 256, 181, NULL, NULL),
	(3928, 'Double', 1, 125, 1888, 1500, 2, 116, NULL, 608, NULL),
	(3929, 'Family', 2, 211, 1885, 2200, 4, 108, NULL, 675, NULL),
	(3930, 'Triple', 7, 729, 1811, 1250, 3, 133, 128, NULL, NULL),
	(3931, 'Single', 5, 512, 1849, 1100, 1, 215, 217, NULL, NULL),
	(3932, 'Single', 10, 1006, 1807, 900, 1, 13, 184, NULL, NULL),
	(3933, 'Double', 2, 223, 1814, 1100, 2, 259, NULL, 543, NULL),
	(3934, 'Single', 2, 209, 1800, 900, 1, 81, 203, NULL, NULL),
	(3935, 'Family', 1, 107, 1836, 1750, 4, 124, 239, NULL, NULL),
	(3936, 'Double', 9, 925, 1842, 1300, 2, 194, 109, NULL, NULL),
	(3937, 'Family', 6, 614, 1846, 1750, 4, 282, NULL, NULL, NULL),
	(3938, 'Single', 1, 125, 1839, 1100, 1, 225, 231, NULL, NULL),
	(3939, 'Double', 10, 1022, 1866, 1500, 2, 39, 224, NULL, NULL),
	(3940, 'Family', 10, 1008, 1873, 2200, 4, 78, 229, NULL, NULL),
	(3941, 'Family', 5, 526, 1877, 2200, 4, 208, 145, NULL, NULL),
	(3942, 'Single', 10, 1026, 1889, 1240, 1, 125, 180, NULL, NULL),
	(3943, 'Triple', 3, 317, 1833, 1450, 3, 140, 249, NULL, NULL),
	(3944, 'Family', 8, 805, 1867, 2200, 4, 267, 109, NULL, NULL),
	(3945, 'Triple', 1, 128, 1887, 1650, 3, 19, 136, NULL, NULL),
	(3946, 'Family', 10, 1018, 1857, 1750, 4, 23, NULL, 458, NULL),
	(3947, 'Single', 4, 405, 1841, 1100, 1, 249, 248, NULL, NULL),
	(3948, 'Double', 7, 717, 1821, 1100, 2, 299, 207, NULL, NULL),
	(3949, 'Single', 8, 821, 1860, 1240, 1, 98, NULL, 382, NULL),
	(3950, 'Triple', 7, 720, 1873, 1650, 3, 180, 157, NULL, NULL),
	(3951, 'Family', 2, 204, 1860, 2200, 4, 266, NULL, NULL, 1457),
	(3952, 'Single', 4, 404, 1843, 900, 1, 278, 137, NULL, NULL),
	(3953, 'Family', 9, 908, 1834, 1750, 4, 281, 120, NULL, NULL),
	(3954, 'Double', 8, 824, 1850, 1300, 2, 161, 111, NULL, NULL),
	(3955, 'Double', 8, 826, 1843, 1300, 2, 181, 243, NULL, NULL),
	(3956, 'Family', 5, 514, 1801, 1430, 4, 116, 219, NULL, NULL),
	(3957, 'Triple', 1, 127, 1886, 1650, 3, 278, 187, NULL, NULL),
	(3958, 'Family', 8, 816, 1808, 1430, 4, 31, NULL, NULL, NULL),
	(3959, 'Single', 8, 803, 1827, 900, 1, 263, NULL, NULL, 592),
	(3960, 'Double', 9, 901, 1871, 1500, 2, 57, NULL, NULL, 1504),
	(3961, 'Triple', 6, 611, 1839, 1450, 3, 118, 222, NULL, NULL),
	(3962, 'Double', 6, 618, 1876, 1500, 2, 269, 225, NULL, NULL),
	(3963, 'Double', 7, 702, 1851, 1300, 2, 152, 178, NULL, NULL),
	(3964, 'Triple', 9, 928, 1825, 1250, 3, 191, 215, NULL, NULL),
	(3965, 'Double', 9, 912, 1874, 1500, 2, 27, 133, NULL, NULL),
	(3966, 'Family', 4, 426, 1868, 2200, 4, 86, 182, NULL, NULL),
	(3967, 'Triple', 5, 521, 1866, 1650, 3, 34, NULL, 782, NULL),
	(3968, 'Double', 2, 224, 1829, 1100, 2, 125, 220, NULL, NULL),
	(3969, 'Double', 2, 214, 1803, 1100, 2, 195, NULL, NULL, NULL),
	(3970, 'Family', 3, 302, 1878, 2200, 4, 77, 185, NULL, NULL),
	(3971, 'Double', 6, 621, 1849, 1300, 2, 292, NULL, 732, NULL),
	(3972, 'Single', 10, 1026, 1862, 1240, 1, 110, 218, NULL, NULL),
	(3973, 'Single', 4, 401, 1892, 1240, 1, 229, 180, NULL, NULL),
	(3974, 'Double', 2, 230, 1799, 1100, 2, 6, NULL, 622, NULL),
	(3975, 'Single', 4, 419, 1862, 1240, 1, 21, 102, NULL, NULL),
	(3976, 'Double', 7, 706, 1801, 1100, 2, 197, NULL, 659, NULL),
	(3977, 'Triple', 9, 925, 1858, 1450, 3, 123, NULL, NULL, NULL),
	(3978, 'Triple', 5, 504, 1880, 1650, 3, 47, 163, NULL, NULL),
	(3979, 'Single', 3, 330, 1847, 1100, 1, 38, 192, NULL, NULL),
	(3980, 'Single', 7, 714, 1851, 1100, 1, 196, 207, NULL, NULL),
	(3981, 'Triple', 10, 1018, 1818, 1250, 3, 144, 131, NULL, NULL),
	(3982, 'Family', 9, 902, 1799, 1430, 4, 157, 105, NULL, NULL),
	(3983, 'Double', 1, 127, 1853, 1300, 2, 286, 172, NULL, NULL),
	(3984, 'Single', 2, 219, 1820, 900, 1, 134, 247, NULL, NULL),
	(3985, 'Family', 6, 604, 1850, 1750, 4, 176, NULL, 654, NULL),
	(3986, 'Single', 8, 816, 1864, 1240, 1, 103, 174, NULL, NULL),
	(3987, 'Family', 8, 810, 1874, 2200, 4, 51, 167, NULL, NULL),
	(3988, 'Single', 3, 327, 1813, 900, 1, 40, NULL, NULL, 1899),
	(3989, 'Triple', 10, 1024, 1820, 1250, 3, 111, NULL, 594, NULL),
	(3990, 'Single', 2, 220, 1891, 1240, 1, 36, 128, NULL, NULL),
	(3991, 'Single', 8, 820, 1873, 1240, 1, 149, 231, NULL, NULL),
	(3992, 'Double', 8, 810, 1870, 1500, 2, 120, 121, NULL, NULL),
	(3993, 'Single', 8, 826, 1844, 1100, 1, 124, 234, NULL, NULL),
	(3994, 'Triple', 5, 505, 1880, 1650, 3, 251, NULL, NULL, NULL),
	(3995, 'Single', 6, 616, 1855, 1100, 1, 240, 181, NULL, NULL),
	(3996, 'Single', 2, 229, 1865, 1240, 1, 100, 178, NULL, NULL),
	(3997, 'Family', 7, 720, 1836, 1750, 4, 19, NULL, NULL, 1220),
	(3998, 'Triple', 5, 518, 1835, 1450, 3, 189, NULL, 397, NULL),
	(3999, 'Family', 1, 114, 1822, 1430, 4, 198, NULL, 485, NULL),
	(4000, 'Double', 10, 1021, 1839, 1300, 2, 143, NULL, 442, NULL),
	(4001, 'Double', 3, 328, 1892, 1500, 2, 106, NULL, 790, NULL),
	(4002, 'Family', 3, 327, 1850, 1750, 4, 225, 169, NULL, NULL),
	(4003, 'Double', 5, 529, 1832, 1300, 2, 160, NULL, 662, NULL),
	(4004, 'Double', 3, 313, 1815, 1100, 2, 286, NULL, 444, NULL),
	(4005, 'Double', 4, 401, 1871, 1500, 2, 113, 121, NULL, NULL),
	(4006, 'Single', 4, 427, 1865, 1240, 1, 142, 219, NULL, NULL),
	(4007, 'Family', 9, 914, 1826, 1430, 4, 69, 162, NULL, NULL),
	(4008, 'Triple', 7, 720, 1826, 1250, 3, 290, NULL, NULL, NULL),
	(4009, 'Family', 5, 529, 1821, 1430, 4, 24, 213, NULL, NULL),
	(4010, 'Single', 3, 301, 1820, 900, 1, 78, 157, NULL, NULL),
	(4011, 'Triple', 4, 406, 1882, 1650, 3, 237, 179, NULL, NULL),
	(4012, 'Triple', 9, 915, 1864, 1650, 3, 26, 222, NULL, NULL),
	(4013, 'Single', 5, 514, 1873, 1240, 1, 78, NULL, NULL, 2643),
	(4014, 'Single', 10, 1025, 1847, 1100, 1, 249, 185, NULL, NULL),
	(4015, 'Single', 5, 519, 1826, 900, 1, 240, 106, NULL, NULL),
	(4016, 'Triple', 1, 114, 1810, 1250, 3, 188, NULL, 611, NULL),
	(4017, 'Single', 10, 1005, 1888, 1240, 1, 179, 205, NULL, NULL),
	(4018, 'Double', 5, 530, 1849, 1300, 2, 17, NULL, NULL, 1614),
	(4019, 'Triple', 7, 704, 1832, 1450, 3, 185, NULL, 385, NULL),
	(4020, 'Single', 5, 518, 1882, 1240, 1, 88, 178, NULL, NULL),
	(4021, 'Triple', 2, 217, 1798, 1250, 3, 243, NULL, NULL, 577),
	(4022, 'Triple', 5, 512, 1859, 1450, 3, 221, NULL, 379, NULL),
	(4023, 'Single', 5, 503, 1839, 1100, 1, 206, 218, NULL, NULL),
	(4024, 'Triple', 4, 416, 1882, 1650, 3, 12, 133, NULL, NULL),
	(4025, 'Double', 6, 630, 1833, 1300, 2, 243, 144, NULL, NULL),
	(4026, 'Double', 1, 116, 1870, 1500, 2, 57, NULL, 327, NULL),
	(4027, 'Family', 3, 330, 1850, 1750, 4, 108, 144, NULL, NULL),
	(4028, 'Triple', 2, 223, 1825, 1250, 3, 290, 115, NULL, NULL),
	(4029, 'Triple', 1, 115, 1851, 1450, 3, 224, NULL, 513, NULL),
	(4030, 'Single', 2, 207, 1869, 1240, 1, 129, NULL, 641, NULL),
	(4031, 'Triple', 4, 406, 1810, 1250, 3, 86, NULL, 361, NULL),
	(4032, 'Single', 4, 430, 1804, 900, 1, 264, 160, NULL, NULL),
	(4033, 'Single', 9, 926, 1874, 1240, 1, 190, NULL, 684, NULL),
	(4034, 'Triple', 7, 711, 1800, 1250, 3, 167, 236, NULL, NULL),
	(4035, 'Family', 8, 805, 1893, 2200, 4, 186, 228, NULL, NULL),
	(4036, 'Single', 5, 516, 1863, 1240, 1, 173, NULL, 335, NULL),
	(4037, 'Single', 1, 104, 1869, 1240, 1, 16, NULL, 659, NULL),
	(4038, 'Single', 4, 420, 1837, 1100, 1, 125, NULL, NULL, 2653),
	(4039, 'Single', 4, 416, 1884, 1240, 1, 66, 157, NULL, NULL),
	(4040, 'Single', 10, 1002, 1890, 1240, 1, 150, 162, NULL, NULL),
	(4041, 'Triple', 7, 720, 1897, 1650, 3, 221, NULL, NULL, NULL),
	(4042, 'Single', 9, 921, 1817, 900, 1, 289, 211, NULL, NULL),
	(4043, 'Triple', 7, 725, 1800, 1250, 3, 93, 198, NULL, NULL),
	(4044, 'Single', 7, 718, 1833, 1100, 1, 217, 194, NULL, NULL),
	(4045, 'Family', 3, 307, 1827, 1430, 4, 83, NULL, NULL, NULL),
	(4046, 'Family', 8, 813, 1884, 2200, 4, 64, 194, NULL, NULL),
	(4047, 'Family', 4, 422, 1838, 1750, 4, 296, 166, NULL, NULL),
	(4048, 'Double', 3, 323, 1839, 1300, 2, 34, 197, NULL, NULL),
	(4049, 'Triple', 2, 224, 1862, 1650, 3, 126, NULL, NULL, 577),
	(4050, 'Triple', 6, 612, 1890, 1650, 3, 275, 177, NULL, NULL),
	(4051, 'Family', 3, 310, 1838, 1750, 4, 170, 162, NULL, NULL),
	(4052, 'Family', 5, 507, 1849, 1750, 4, 178, NULL, NULL, NULL),
	(4053, 'Triple', 5, 507, 1867, 1650, 3, 83, 200, NULL, NULL),
	(4054, 'Single', 2, 215, 1861, 1240, 1, 209, 207, NULL, NULL),
	(4055, 'Triple', 1, 115, 1814, 1250, 3, 239, 101, NULL, NULL),
	(4056, 'Triple', 10, 1023, 1844, 1450, 3, 242, NULL, NULL, 2122),
	(4057, 'Family', 3, 308, 1799, 1430, 4, 101, 228, NULL, NULL),
	(4058, 'Triple', 2, 221, 1832, 1450, 3, 297, 152, NULL, NULL),
	(4059, 'Triple', 5, 529, 1863, 1650, 3, 291, 115, NULL, NULL),
	(4060, 'Single', 3, 304, 1896, 1240, 1, 217, NULL, 343, NULL),
	(4061, 'Double', 1, 125, 1872, 1500, 2, 272, 200, NULL, NULL),
	(4062, 'Double', 9, 914, 1860, 1500, 2, 199, NULL, 755, NULL),
	(4063, 'Family', 4, 405, 1860, 2200, 4, 224, 162, NULL, NULL),
	(4064, 'Double', 5, 510, 1827, 1100, 2, 75, NULL, NULL, NULL),
	(4065, 'Double', 10, 1019, 1801, 1100, 2, 230, NULL, NULL, 2876),
	(4066, 'Single', 3, 301, 1817, 900, 1, 198, NULL, NULL, NULL),
	(4067, 'Single', 7, 705, 1825, 900, 1, 182, 235, NULL, NULL),
	(4068, 'Triple', 3, 304, 1822, 1250, 3, 139, 106, NULL, NULL),
	(4069, 'Double', 4, 415, 1837, 1300, 2, 216, 195, NULL, NULL),
	(4070, 'Triple', 8, 829, 1856, 1450, 3, 94, 232, NULL, NULL),
	(4071, 'Family', 2, 204, 1880, 2200, 4, 85, NULL, NULL, 1091),
	(4072, 'Triple', 9, 925, 1821, 1250, 3, 234, 108, NULL, NULL),
	(4073, 'Double', 3, 313, 1802, 1100, 2, 171, 194, NULL, NULL),
	(4074, 'Family', 7, 701, 1869, 2200, 4, 86, 233, NULL, NULL),
	(4075, 'Double', 5, 519, 1815, 1100, 2, 210, NULL, 765, NULL),
	(4076, 'Double', 9, 930, 1832, 1300, 2, 190, 232, NULL, NULL),
	(4077, 'Single', 5, 519, 1839, 1100, 1, 65, NULL, 706, NULL),
	(4078, 'Triple', 2, 215, 1815, 1250, 3, 256, 216, NULL, NULL),
	(4079, 'Family', 10, 1023, 1891, 2200, 4, 214, NULL, 508, NULL),
	(4080, 'Double', 9, 925, 1824, 1100, 2, 36, 196, NULL, NULL),
	(4081, 'Triple', 6, 615, 1810, 1250, 3, 49, 232, NULL, NULL),
	(4082, 'Double', 1, 107, 1846, 1300, 2, 185, 242, NULL, NULL),
	(4083, 'Triple', 10, 1028, 1880, 1650, 3, 235, NULL, 707, NULL),
	(4084, 'Triple', 9, 921, 1886, 1650, 3, 156, NULL, 623, NULL),
	(4085, 'Family', 7, 702, 1858, 1750, 4, 67, 183, NULL, NULL),
	(4086, 'Triple', 6, 626, 1811, 1250, 3, 89, 180, NULL, NULL),
	(4087, 'Triple', 2, 230, 1874, 1650, 3, 268, 187, NULL, NULL),
	(4088, 'Triple', 6, 601, 1893, 1650, 3, 142, NULL, 437, NULL),
	(4089, 'Family', 1, 119, 1844, 1750, 4, 57, 189, NULL, NULL),
	(4090, 'Family', 1, 120, 1815, 1430, 4, 176, 118, NULL, NULL),
	(4091, 'Triple', 1, 122, 1894, 1650, 3, 86, 124, NULL, NULL),
	(4092, 'Single', 8, 825, 1825, 900, 1, 201, 218, NULL, NULL),
	(4093, 'Double', 8, 813, 1834, 1300, 2, 298, NULL, NULL, 2739),
	(4094, 'Double', 4, 412, 1806, 1100, 2, 244, 246, NULL, NULL),
	(4095, 'Family', 1, 104, 1846, 1750, 4, 158, NULL, NULL, 1285),
	(4096, 'Double', 3, 316, 1871, 1500, 2, 3, 243, NULL, NULL),
	(4097, 'Double', 1, 116, 1868, 1500, 2, 205, NULL, 454, NULL),
	(4098, 'Family', 7, 712, 1802, 1430, 4, 298, 161, NULL, NULL),
	(4099, 'Triple', 3, 317, 1814, 1250, 3, 7, NULL, NULL, 1637),
	(4100, 'Family', 7, 702, 1856, 1750, 4, 133, 115, NULL, NULL),
	(4101, 'Family', 6, 603, 1850, 1750, 4, 140, NULL, 445, NULL),
	(4102, 'Family', 8, 813, 1829, 1430, 4, 171, 198, NULL, NULL),
	(4103, 'Double', 9, 929, 1877, 1500, 2, 200, NULL, NULL, NULL),
	(4104, 'Family', 4, 409, 1884, 2200, 4, 14, 207, NULL, NULL),
	(4105, 'Single', 5, 517, 1834, 1100, 1, 32, NULL, 575, NULL),
	(4106, 'Single', 10, 1021, 1832, 1100, 1, 137, NULL, 650, NULL),
	(4107, 'Single', 5, 520, 1824, 900, 1, 44, 226, NULL, NULL),
	(4108, 'Single', 10, 1004, 1798, 900, 1, 126, 228, NULL, NULL),
	(4109, 'Double', 4, 428, 1874, 1500, 2, 220, NULL, 398, NULL),
	(4110, 'Single', 5, 528, 1860, 1240, 1, 106, 160, NULL, NULL),
	(4111, 'Family', 2, 209, 1839, 1750, 4, 96, NULL, 670, NULL),
	(4112, 'Family', 8, 813, 1827, 1430, 4, 228, 105, NULL, NULL),
	(4113, 'Triple', 6, 610, 1878, 1650, 3, 176, 124, NULL, NULL),
	(4114, 'Single', 8, 822, 1840, 1100, 1, 201, NULL, 529, NULL),
	(4115, 'Triple', 4, 423, 1825, 1250, 3, 145, NULL, 375, NULL),
	(4116, 'Family', 9, 916, 1846, 1750, 4, 200, 225, NULL, NULL),
	(4117, 'Triple', 5, 502, 1840, 1450, 3, 213, 181, NULL, NULL),
	(4118, 'Single', 9, 918, 1861, 1240, 1, 72, NULL, 395, NULL),
	(4119, 'Family', 5, 517, 1833, 1750, 4, 228, NULL, 551, NULL),
	(4120, 'Triple', 7, 717, 1875, 1650, 3, 245, 236, NULL, NULL),
	(4121, 'Double', 5, 519, 1845, 1300, 2, 166, 212, NULL, NULL),
	(4122, 'Double', 6, 621, 1879, 1500, 2, 131, NULL, 698, NULL),
	(4123, 'Family', 6, 630, 1847, 1750, 4, 296, 132, NULL, NULL),
	(4124, 'Single', 8, 816, 1801, 900, 1, 171, NULL, 316, NULL),
	(4125, 'Family', 9, 904, 1825, 1430, 4, 6, 242, NULL, NULL),
	(4126, 'Triple', 5, 509, 1855, 1450, 3, 254, NULL, 746, NULL),
	(4127, 'Family', 7, 716, 1819, 1430, 4, 76, 210, NULL, NULL),
	(4128, 'Triple', 7, 713, 1848, 1450, 3, 194, 120, NULL, NULL),
	(4129, 'Double', 3, 323, 1832, 1300, 2, 142, NULL, 327, NULL),
	(4130, 'Triple', 1, 107, 1875, 1650, 3, 13, 188, NULL, NULL),
	(4131, 'Family', 3, 311, 1848, 1750, 4, 256, NULL, 730, NULL),
	(4132, 'Double', 7, 702, 1873, 1500, 2, 168, NULL, 639, NULL),
	(4133, 'Double', 10, 1020, 1834, 1300, 2, 219, NULL, 790, NULL),
	(4134, 'Triple', 4, 424, 1866, 1650, 3, 238, NULL, 617, NULL),
	(4135, 'Triple', 8, 828, 1828, 1250, 3, 203, 104, NULL, NULL),
	(4136, 'Triple', 3, 328, 1895, 1650, 3, 15, 142, NULL, NULL),
	(4137, 'Single', 7, 710, 1836, 1100, 1, 169, NULL, 617, NULL),
	(4138, 'Double', 6, 626, 1857, 1300, 2, 229, 113, NULL, NULL),
	(4139, 'Family', 2, 212, 1879, 2200, 4, 231, 198, NULL, NULL),
	(4140, 'Single', 6, 601, 1894, 1240, 1, 233, 200, NULL, NULL),
	(4141, 'Triple', 9, 914, 1800, 1250, 3, 239, NULL, NULL, NULL),
	(4142, 'Family', 3, 319, 1866, 2200, 4, 22, NULL, 655, NULL),
	(4143, 'Family', 4, 415, 1826, 1430, 4, 216, 129, NULL, NULL),
	(4144, 'Family', 3, 303, 1810, 1430, 4, 104, 243, NULL, NULL),
	(4145, 'Single', 7, 706, 1831, 1100, 1, 49, NULL, NULL, 2461),
	(4146, 'Double', 8, 811, 1875, 1500, 2, 106, NULL, 621, NULL),
	(4147, 'Single', 5, 503, 1888, 1240, 1, 128, 161, NULL, NULL),
	(4148, 'Double', 9, 929, 1873, 1500, 2, 258, 126, NULL, NULL),
	(4149, 'Single', 9, 903, 1867, 1240, 1, 166, 181, NULL, NULL),
	(4150, 'Triple', 8, 804, 1801, 1250, 3, 234, NULL, 682, NULL),
	(4151, 'Double', 2, 225, 1824, 1100, 2, 144, 227, NULL, NULL),
	(4152, 'Single', 1, 101, 1870, 1240, 1, 295, 114, NULL, NULL),
	(4153, 'Triple', 1, 109, 1836, 1450, 3, 135, 128, NULL, NULL),
	(4154, 'Triple', 2, 221, 1840, 1450, 3, 66, 161, NULL, NULL),
	(4155, 'Triple', 10, 1013, 1800, 1250, 3, 188, 217, NULL, NULL),
	(4156, 'Family', 7, 718, 1809, 1430, 4, 217, 112, NULL, NULL),
	(4157, 'Double', 10, 1025, 1872, 1500, 2, 231, 144, NULL, NULL),
	(4158, 'Family', 1, 116, 1854, 1750, 4, 279, NULL, NULL, NULL),
	(4159, 'Triple', 5, 513, 1885, 1650, 3, 75, NULL, 511, NULL),
	(4160, 'Triple', 10, 1008, 1852, 1450, 3, 294, 191, NULL, NULL),
	(4161, 'Triple', 2, 220, 1798, 1250, 3, 56, NULL, 572, NULL),
	(4162, 'Triple', 2, 228, 1888, 1650, 3, 119, 172, NULL, NULL),
	(4163, 'Triple', 1, 119, 1800, 1250, 3, 70, 235, NULL, NULL),
	(4164, 'Single', 1, 122, 1845, 1100, 1, 298, 187, NULL, NULL),
	(4165, 'Double', 7, 719, 1889, 1500, 2, 248, 245, NULL, NULL),
	(4166, 'Family', 9, 905, 1815, 1430, 4, 222, 164, NULL, NULL),
	(4167, 'Double', 6, 617, 1865, 1500, 2, 259, NULL, 726, NULL),
	(4168, 'Double', 7, 717, 1888, 1500, 2, 287, 232, NULL, NULL),
	(4169, 'Triple', 3, 322, 1822, 1250, 3, 92, 185, NULL, NULL),
	(4170, 'Single', 5, 507, 1855, 1100, 1, 111, NULL, 586, NULL),
	(4171, 'Single', 4, 407, 1895, 1240, 1, 294, 135, NULL, NULL),
	(4172, 'Triple', 3, 324, 1814, 1250, 3, 195, 163, NULL, NULL),
	(4173, 'Family', 8, 802, 1849, 1750, 4, 242, 233, NULL, NULL),
	(4174, 'Family', 8, 819, 1841, 1750, 4, 49, NULL, 397, NULL),
	(4175, 'Double', 10, 1029, 1844, 1300, 2, 267, NULL, NULL, 1886),
	(4176, 'Double', 10, 1022, 1851, 1300, 2, 268, 231, NULL, NULL),
	(4177, 'Triple', 3, 323, 1807, 1250, 3, 236, NULL, 363, NULL),
	(4178, 'Single', 7, 707, 1830, 1100, 1, 8, NULL, 317, NULL),
	(4179, 'Family', 9, 905, 1816, 1430, 4, 300, 171, NULL, NULL),
	(4180, 'Triple', 4, 401, 1829, 1250, 3, 226, NULL, 548, NULL),
	(4181, 'Double', 10, 1004, 1813, 1100, 2, 18, 183, NULL, NULL),
	(4182, 'Family', 8, 824, 1825, 1430, 4, 202, NULL, 543, NULL),
	(4183, 'Family', 4, 407, 1858, 1750, 4, 98, NULL, 615, NULL),
	(4184, 'Single', 9, 925, 1870, 1240, 1, 83, 101, NULL, NULL),
	(4185, 'Triple', 9, 906, 1851, 1450, 3, 49, 180, NULL, NULL),
	(4186, 'Family', 3, 306, 1831, 1750, 4, 14, NULL, 586, NULL),
	(4187, 'Single', 5, 514, 1799, 900, 1, 53, 218, NULL, NULL),
	(4188, 'Double', 2, 204, 1809, 1100, 2, 289, 111, NULL, NULL),
	(4189, 'Family', 2, 229, 1806, 1430, 4, 128, NULL, 409, NULL),
	(4190, 'Family', 5, 522, 1856, 1750, 4, 140, 184, NULL, NULL),
	(4191, 'Double', 9, 923, 1874, 1500, 2, 81, NULL, 756, NULL),
	(4192, 'Family', 2, 222, 1870, 2200, 4, 265, NULL, NULL, 837),
	(4193, 'Single', 3, 311, 1824, 900, 1, 248, NULL, 489, NULL),
	(4194, 'Family', 4, 420, 1828, 1430, 4, 6, 158, NULL, NULL),
	(4195, 'Double', 9, 928, 1811, 1100, 2, 226, 232, NULL, NULL),
	(4196, 'Family', 2, 222, 1804, 1430, 4, 98, 182, NULL, NULL),
	(4197, 'Triple', 7, 724, 1821, 1250, 3, 261, NULL, 565, NULL),
	(4199, 'Triple', 7, 724, 1863, 1650, 3, 252, 106, NULL, NULL),
	(4200, 'Family', 6, 628, 1875, 2200, 4, 222, 126, NULL, NULL),
	(4201, 'Triple', 6, 620, 1826, 1250, 3, 5, NULL, 477, NULL),
	(4202, 'Double', 3, 303, 1840, 1300, 2, 147, 174, NULL, NULL),
	(4203, 'Double', 7, 709, 1828, 1100, 2, 146, NULL, NULL, 1621),
	(4204, 'Single', 9, 907, 1856, 1100, 1, 27, 129, NULL, NULL),
	(4205, 'Double', 5, 520, 1808, 1100, 2, 188, 189, NULL, NULL),
	(4206, 'Triple', 3, 320, 1877, 1650, 3, 148, NULL, 645, NULL),
	(4207, 'Single', 5, 526, 1830, 1100, 1, 169, NULL, 786, NULL),
	(4208, 'Double', 7, 715, 1889, 1500, 2, 231, 131, NULL, NULL),
	(4209, 'Single', 3, 323, 1863, 1240, 1, 137, 138, NULL, NULL),
	(4210, 'Double', 3, 304, 1885, 1500, 2, 254, 128, NULL, NULL),
	(4211, 'Double', 9, 919, 1828, 1100, 2, 112, 113, NULL, NULL),
	(4212, 'Family', 4, 414, 1844, 1750, 4, 176, 154, NULL, NULL),
	(4213, 'Triple', 3, 306, 1844, 1450, 3, 274, 113, NULL, NULL),
	(4214, 'Double', 7, 727, 1824, 1100, 2, 136, NULL, NULL, NULL),
	(4215, 'Single', 9, 905, 1813, 900, 1, 150, NULL, 666, NULL),
	(4216, 'Family', 4, 414, 1801, 1430, 4, 71, NULL, 713, NULL),
	(4217, 'Double', 10, 1003, 1831, 1300, 2, 66, 209, NULL, NULL),
	(4218, 'Double', 2, 203, 1871, 1500, 2, 29, 162, NULL, NULL),
	(4219, 'Triple', 5, 514, 1891, 1650, 3, 2, 199, NULL, NULL),
	(4220, 'Triple', 10, 1023, 1820, 1250, 3, 184, 228, NULL, NULL),
	(4221, 'Family', 1, 130, 1857, 1750, 4, 128, 243, NULL, NULL),
	(4222, 'Single', 9, 904, 1892, 1240, 1, 26, 129, NULL, NULL),
	(4223, 'Family', 9, 928, 1871, 2200, 4, 201, 209, NULL, NULL),
	(4224, 'Triple', 9, 908, 1859, 1450, 3, 30, 155, NULL, NULL),
	(4225, 'Triple', 1, 117, 1823, 1250, 3, 107, 169, NULL, NULL),
	(4226, 'Family', 5, 508, 1828, 1430, 4, 275, 208, NULL, NULL),
	(4227, 'Triple', 1, 130, 1822, 1250, 3, 60, NULL, NULL, NULL),
	(4228, 'Double', 2, 202, 1866, 1500, 2, 114, 237, NULL, NULL),
	(4229, 'Double', 7, 718, 1800, 1100, 2, 300, NULL, 571, NULL),
	(4230, 'Double', 9, 906, 1844, 1300, 2, 2, 174, NULL, NULL),
	(4231, 'Double', 3, 306, 1821, 1100, 2, 16, NULL, 410, NULL),
	(4232, 'Triple', 8, 801, 1874, 1650, 3, 244, NULL, 767, NULL),
	(4233, 'Single', 2, 211, 1828, 900, 1, 47, 243, NULL, NULL),
	(4234, 'Single', 3, 322, 1862, 1240, 1, 49, NULL, NULL, 725),
	(4235, 'Family', 8, 806, 1822, 1430, 4, 54, 206, NULL, NULL),
	(4236, 'Double', 5, 511, 1886, 1500, 2, 62, 195, NULL, NULL),
	(4237, 'Double', 6, 615, 1809, 1100, 2, 46, 249, NULL, NULL),
	(4238, 'Triple', 4, 423, 1878, 1650, 3, 7, NULL, NULL, 1003),
	(4239, 'Family', 7, 712, 1851, 1750, 4, 56, NULL, 427, NULL),
	(4240, 'Double', 5, 511, 1832, 1300, 2, 295, NULL, 797, NULL),
	(4241, 'Single', 5, 521, 1861, 1240, 1, 145, 188, NULL, NULL),
	(4242, 'Family', 9, 916, 1803, 1430, 4, 174, 172, NULL, NULL),
	(4244, 'Triple', 2, 229, 1810, 1250, 3, 74, NULL, NULL, 2528),
	(4245, 'Family', 2, 209, 1850, 1750, 4, 83, NULL, 327, NULL),
	(4246, 'Double', 9, 906, 1834, 1300, 2, 25, NULL, 714, NULL),
	(4247, 'Triple', 7, 716, 1846, 1450, 3, 152, 210, NULL, NULL),
	(4248, 'Single', 1, 103, 1889, 1240, 1, 186, NULL, NULL, 1628),
	(4249, 'Family', 7, 705, 1863, 2200, 4, 82, NULL, 799, NULL),
	(4250, 'Triple', 9, 910, 1854, 1450, 3, 246, 218, NULL, NULL),
	(4251, 'Family', 1, 113, 1880, 2200, 4, 147, NULL, NULL, 1538),
	(4252, 'Triple', 5, 514, 1878, 1650, 3, 137, NULL, 613, NULL),
	(4253, 'Triple', 2, 211, 1821, 1250, 3, 190, 249, NULL, NULL),
	(4254, 'Single', 8, 823, 1830, 1100, 1, 50, NULL, 693, NULL),
	(4255, 'Family', 2, 227, 1855, 1750, 4, 45, 108, NULL, NULL),
	(4256, 'Family', 3, 303, 1844, 1750, 4, 138, 221, NULL, NULL),
	(4257, 'Triple', 1, 111, 1800, 1250, 3, 34, NULL, 545, NULL),
	(4258, 'Single', 9, 929, 1868, 1240, 1, 178, 170, NULL, NULL),
	(4259, 'Family', 8, 809, 1821, 1430, 4, 132, 167, NULL, NULL),
	(4260, 'Family', 7, 714, 1823, 1430, 4, 273, 239, NULL, NULL),
	(4261, 'Triple', 4, 428, 1885, 1650, 3, 90, NULL, 493, NULL),
	(4262, 'Triple', 7, 718, 1799, 1250, 3, 246, NULL, 570, NULL),
	(4263, 'Double', 7, 710, 1801, 1100, 2, 121, 183, NULL, NULL),
	(4264, 'Double', 9, 927, 1802, 1100, 2, 49, NULL, 791, NULL),
	(4265, 'Triple', 2, 208, 1881, 1650, 3, 288, 125, NULL, NULL),
	(4266, 'Single', 3, 328, 1841, 1100, 1, 264, NULL, 472, NULL),
	(4267, 'Double', 4, 421, 1808, 1100, 2, 9, NULL, NULL, NULL),
	(4268, 'Family', 2, 222, 1868, 2200, 4, 118, NULL, 522, NULL),
	(4269, 'Family', 5, 510, 1808, 1430, 4, 183, 238, NULL, NULL),
	(4270, 'Family', 3, 308, 1873, 2200, 4, 261, 143, NULL, NULL),
	(4271, 'Triple', 2, 212, 1841, 1450, 3, 292, NULL, 358, NULL),
	(4272, 'Family', 6, 608, 1837, 1750, 4, 142, 198, NULL, NULL),
	(4273, 'Family', 7, 723, 1798, 1430, 4, 221, 232, NULL, NULL),
	(4274, 'Family', 4, 416, 1845, 1750, 4, 113, 202, NULL, NULL),
	(4275, 'Triple', 7, 714, 1801, 1250, 3, 180, NULL, 696, NULL),
	(4276, 'Family', 8, 822, 1858, 1750, 4, 92, NULL, NULL, NULL),
	(4277, 'Double', 6, 620, 1874, 1500, 2, 262, 130, NULL, NULL),
	(4278, 'Single', 2, 219, 1866, 1240, 1, 22, 197, NULL, NULL),
	(4279, 'Double', 7, 704, 1862, 1500, 2, 141, NULL, NULL, 1760),
	(4280, 'Triple', 5, 513, 1823, 1250, 3, 170, 176, NULL, NULL),
	(4281, 'Double', 8, 819, 1893, 1500, 2, 178, 239, NULL, NULL),
	(4282, 'Triple', 8, 825, 1823, 1250, 3, 8, 248, NULL, NULL),
	(4283, 'Family', 2, 222, 1888, 2200, 4, 177, 227, NULL, NULL),
	(4284, 'Family', 2, 204, 1826, 1430, 4, 115, 225, NULL, NULL),
	(4285, 'Triple', 3, 304, 1895, 1650, 3, 207, NULL, 361, NULL),
	(4286, 'Family', 8, 813, 1832, 1750, 4, 243, NULL, 446, NULL),
	(4287, 'Single', 3, 314, 1824, 900, 1, 283, NULL, 484, NULL),
	(4288, 'Triple', 9, 906, 1872, 1650, 3, 58, 117, NULL, NULL),
	(4289, 'Family', 7, 727, 1810, 1430, 4, 253, 163, NULL, NULL),
	(4290, 'Triple', 3, 326, 1846, 1450, 3, 292, NULL, NULL, 772),
	(4291, 'Family', 8, 822, 1853, 1750, 4, 199, 137, NULL, NULL),
	(4292, 'Single', 9, 912, 1849, 1100, 1, 14, 242, NULL, NULL),
	(4293, 'Family', 9, 911, 1819, 1430, 4, 32, NULL, 560, NULL),
	(4294, 'Family', 1, 121, 1882, 2200, 4, 268, 235, NULL, NULL),
	(4295, 'Family', 7, 703, 1805, 1430, 4, 196, NULL, 795, NULL),
	(4296, 'Triple', 5, 508, 1885, 1650, 3, 290, 188, NULL, NULL),
	(4297, 'Triple', 7, 710, 1845, 1450, 3, 139, NULL, 569, NULL),
	(4298, 'Double', 7, 704, 1800, 1100, 2, 126, 247, NULL, NULL),
	(4299, 'Triple', 1, 104, 1842, 1450, 3, 129, NULL, 668, NULL),
	(4300, 'Double', 2, 207, 1876, 1500, 2, 296, 213, NULL, NULL),
	(4301, 'Double', 6, 626, 1836, 1300, 2, 284, 231, NULL, NULL),
	(4302, 'Family', 5, 503, 1824, 1430, 4, 138, NULL, NULL, 1651),
	(4303, 'Double', 8, 819, 1850, 1300, 2, 135, NULL, 559, NULL),
	(4304, 'Family', 10, 1026, 1820, 1430, 4, 220, 247, NULL, NULL),
	(4305, 'Double', 3, 302, 1804, 1100, 2, 251, 162, NULL, NULL),
	(4306, 'Single', 6, 615, 1807, 900, 1, 51, 196, NULL, NULL),
	(4307, 'Double', 6, 626, 1859, 1300, 2, 231, NULL, NULL, NULL),
	(4308, 'Triple', 5, 524, 1877, 1650, 3, 218, NULL, 452, NULL),
	(4309, 'Family', 1, 102, 1813, 1430, 4, 201, 154, NULL, NULL),
	(4310, 'Double', 5, 505, 1833, 1300, 2, 218, 218, NULL, NULL),
	(4311, 'Single', 5, 509, 1825, 900, 1, 93, 153, NULL, NULL),
	(4312, 'Family', 4, 423, 1801, 1430, 4, 55, NULL, NULL, 2298),
	(4313, 'Triple', 5, 522, 1819, 1250, 3, 27, 217, NULL, NULL),
	(4314, 'Triple', 6, 613, 1875, 1650, 3, 57, NULL, 706, NULL),
	(4315, 'Triple', 8, 826, 1805, 1250, 3, 275, 250, NULL, NULL),
	(4316, 'Double', 1, 126, 1808, 1100, 2, 261, NULL, 587, NULL),
	(4317, 'Double', 8, 803, 1820, 1100, 2, 100, 157, NULL, NULL),
	(4318, 'Single', 7, 714, 1798, 900, 1, 116, 114, NULL, NULL),
	(4319, 'Double', 9, 926, 1895, 1500, 2, 275, 172, NULL, NULL),
	(4320, 'Family', 7, 709, 1823, 1430, 4, 257, NULL, NULL, 705),
	(4321, 'Single', 4, 416, 1880, 1240, 1, 7, NULL, 348, NULL),
	(4322, 'Triple', 5, 508, 1817, 1250, 3, 279, NULL, NULL, NULL),
	(4323, 'Double', 3, 320, 1826, 1100, 2, 99, 216, NULL, NULL),
	(4324, 'Single', 9, 911, 1870, 1240, 1, 154, 155, NULL, NULL),
	(4325, 'Triple', 1, 127, 1880, 1650, 3, 84, 150, NULL, NULL),
	(4326, 'Double', 2, 220, 1835, 1300, 2, 114, 145, NULL, NULL),
	(4327, 'Single', 8, 819, 1889, 1240, 1, 217, 192, NULL, NULL),
	(4328, 'Family', 4, 416, 1807, 1430, 4, 9, NULL, 631, NULL),
	(4329, 'Triple', 5, 525, 1851, 1450, 3, 96, NULL, NULL, 1371),
	(4330, 'Family', 6, 622, 1845, 1750, 4, 70, NULL, 356, NULL),
	(4331, 'Single', 6, 605, 1877, 1240, 1, 162, NULL, 347, NULL),
	(4332, 'Single', 8, 827, 1823, 900, 1, 2, NULL, 567, NULL),
	(4333, 'Family', 6, 606, 1870, 2200, 4, 179, NULL, NULL, 1903),
	(4335, 'Double', 10, 1017, 1816, 1100, 2, 295, NULL, NULL, NULL),
	(4336, 'Family', 9, 922, 1804, 1430, 4, 227, 181, NULL, NULL),
	(4337, 'Family', 1, 114, 1834, 1750, 4, 190, 174, NULL, NULL),
	(4338, 'Double', 3, 304, 1861, 1500, 2, 297, 171, NULL, NULL),
	(4339, 'Triple', 3, 307, 1811, 1250, 3, 117, 148, NULL, NULL),
	(4340, 'Single', 9, 901, 1870, 1240, 1, 25, 198, NULL, NULL),
	(4341, 'Double', 8, 803, 1856, 1300, 2, 2, NULL, 499, NULL),
	(4342, 'Triple', 6, 629, 1802, 1250, 3, 281, NULL, 664, NULL),
	(4343, 'Triple', 1, 104, 1814, 1250, 3, 39, NULL, 587, NULL),
	(4344, 'Family', 8, 808, 1882, 2200, 4, 76, NULL, 668, NULL),
	(4345, 'Single', 2, 206, 1878, 1240, 1, 256, 109, NULL, NULL),
	(4346, 'Double', 7, 701, 1816, 1100, 2, 159, 136, NULL, NULL),
	(4347, 'Family', 1, 117, 1870, 2200, 4, 159, 233, NULL, NULL),
	(4348, 'Triple', 1, 118, 1820, 1250, 3, 240, NULL, 488, NULL),
	(4349, 'Single', 8, 824, 1889, 1240, 1, 242, 181, NULL, NULL),
	(4350, 'Double', 9, 907, 1844, 1300, 2, 253, 168, NULL, NULL),
	(4351, 'Single', 2, 230, 1877, 1240, 1, 49, 247, NULL, NULL),
	(4352, 'Single', 10, 1009, 1800, 900, 1, 19, NULL, NULL, 2456),
	(4353, 'Double', 10, 1018, 1864, 1500, 2, 234, NULL, 716, NULL),
	(4354, 'Triple', 1, 111, 1890, 1650, 3, 143, 229, NULL, NULL),
	(4355, 'Single', 7, 716, 1820, 900, 1, 38, NULL, 639, NULL),
	(4356, 'Family', 3, 320, 1867, 2200, 4, 11, 205, NULL, NULL),
	(4357, 'Triple', 9, 901, 1848, 1450, 3, 257, NULL, NULL, NULL),
	(4358, 'Single', 10, 1007, 1849, 1100, 1, 24, 107, NULL, NULL),
	(4359, 'Double', 7, 716, 1858, 1300, 2, 6, 238, NULL, NULL),
	(4360, 'Double', 8, 801, 1842, 1300, 2, 202, NULL, 633, NULL),
	(4361, 'Triple', 2, 212, 1830, 1450, 3, 176, 193, NULL, NULL),
	(4362, 'Double', 10, 1012, 1854, 1300, 2, 215, 143, NULL, NULL),
	(4363, 'Triple', 8, 806, 1864, 1650, 3, 284, NULL, NULL, NULL),
	(4364, 'Triple', 1, 116, 1840, 1450, 3, 189, 190, NULL, NULL),
	(4365, 'Triple', 9, 902, 1840, 1450, 3, 252, NULL, NULL, NULL),
	(4366, 'Single', 4, 421, 1805, 900, 1, 41, 145, NULL, NULL),
	(4367, 'Family', 5, 514, 1824, 1430, 4, 140, NULL, 649, NULL),
	(4368, 'Triple', 5, 515, 1842, 1450, 3, 175, 161, NULL, NULL),
	(4369, 'Double', 9, 908, 1810, 1100, 2, 57, NULL, NULL, NULL),
	(4370, 'Triple', 6, 607, 1841, 1450, 3, 231, NULL, 427, NULL),
	(4371, 'Single', 10, 1009, 1896, 1240, 1, 253, 162, NULL, NULL),
	(4372, 'Triple', 7, 712, 1821, 1250, 3, 203, 156, NULL, NULL),
	(4373, 'Double', 1, 114, 1886, 1500, 2, 50, 102, NULL, NULL),
	(4374, 'Single', 5, 502, 1841, 1100, 1, 29, 188, NULL, NULL),
	(4375, 'Family', 10, 1005, 1854, 1750, 4, 188, 248, NULL, NULL),
	(4376, 'Triple', 7, 730, 1870, 1650, 3, 21, NULL, NULL, 2615),
	(4377, 'Single', 7, 714, 1805, 900, 1, 120, NULL, 790, NULL),
	(4378, 'Family', 2, 225, 1805, 1430, 4, 112, NULL, 303, NULL),
	(4379, 'Single', 8, 820, 1842, 900, 1, 265, NULL, NULL, NULL),
	(4380, 'Family', 8, 822, 1828, 1430, 4, 128, 125, NULL, NULL),
	(4381, 'Single', 7, 701, 1843, 900, 1, 174, NULL, NULL, 804),
	(4382, 'Triple', 8, 825, 1847, 1450, 3, 39, NULL, NULL, 792),
	(4383, 'Double', 4, 421, 1845, 1300, 2, 267, 134, NULL, NULL),
	(4384, 'Family', 1, 103, 1858, 1750, 4, 283, NULL, 377, NULL),
	(4385, 'Double', 1, 103, 1848, 1300, 2, 227, 181, NULL, NULL),
	(4386, 'Triple', 1, 128, 1856, 1450, 3, 232, 104, NULL, NULL),
	(4387, 'Triple', 3, 319, 1844, 1450, 3, 277, NULL, NULL, NULL),
	(4388, 'Triple', 1, 104, 1870, 1650, 3, 208, 178, NULL, NULL),
	(4390, 'Double', 5, 517, 1809, 1100, 2, 268, NULL, NULL, NULL),
	(4391, 'Triple', 2, 211, 1812, 1250, 3, 179, 211, NULL, NULL),
	(4392, 'Family', 2, 218, 1889, 2200, 4, 277, 195, NULL, NULL),
	(4393, 'Triple', 6, 630, 1877, 1650, 3, 231, 249, NULL, NULL),
	(4394, 'Family', 7, 712, 1833, 1750, 4, 194, NULL, 437, NULL),
	(4395, 'Double', 3, 312, 1802, 1100, 2, 142, 133, NULL, NULL),
	(4396, 'Family', 8, 813, 1883, 2200, 4, 127, 222, NULL, NULL),
	(4397, 'Triple', 9, 927, 1892, 1650, 3, 108, NULL, NULL, NULL),
	(4398, 'Triple', 9, 923, 1840, 1450, 3, 181, NULL, 671, NULL),
	(4399, 'Family', 2, 213, 1897, 2200, 4, 195, 217, NULL, NULL),
	(4400, 'Single', 5, 514, 1893, 1240, 1, 62, NULL, NULL, 883),
	(4401, 'Double', 5, 510, 1811, 1100, 2, 204, NULL, NULL, NULL),
	(4402, 'Family', 4, 428, 1893, 2200, 4, 131, 116, NULL, NULL),
	(4403, 'Triple', 3, 303, 1808, 1250, 3, 136, 235, NULL, NULL),
	(4404, 'Double', 9, 906, 1855, 1300, 2, 49, 241, NULL, NULL),
	(4405, 'Double', 3, 301, 1892, 1500, 2, 183, NULL, NULL, 956),
	(4406, 'Triple', 2, 209, 1847, 1450, 3, 159, 135, NULL, NULL),
	(4407, 'Double', 10, 1020, 1826, 1100, 2, 202, 165, NULL, NULL),
	(4408, 'Family', 3, 302, 1883, 2200, 4, 46, 182, NULL, NULL),
	(4409, 'Double', 3, 303, 1868, 1500, 2, 78, NULL, 524, NULL),
	(4410, 'Double', 10, 1012, 1816, 1100, 2, 47, 158, NULL, NULL),
	(4411, 'Family', 7, 716, 1834, 1750, 4, 276, NULL, 409, NULL),
	(4412, 'Double', 10, 1023, 1861, 1500, 2, 79, 199, NULL, NULL),
	(4413, 'Family', 7, 712, 1857, 1750, 4, 235, 211, NULL, NULL),
	(4414, 'Family', 2, 206, 1837, 1750, 4, 32, NULL, 385, NULL),
	(4415, 'Single', 9, 924, 1874, 1240, 1, 118, 125, NULL, NULL),
	(4416, 'Single', 7, 724, 1812, 900, 1, 177, 133, NULL, NULL),
	(4417, 'Family', 4, 414, 1814, 1430, 4, 56, 233, NULL, NULL),
	(4418, 'Family', 9, 926, 1829, 1430, 4, 31, NULL, NULL, 2289),
	(4419, 'Single', 7, 715, 1857, 1100, 1, 135, NULL, 338, NULL),
	(4420, 'Single', 4, 426, 1896, 1240, 1, 255, NULL, 592, NULL),
	(4421, 'Single', 2, 220, 1848, 1100, 1, 155, 169, NULL, NULL),
	(4422, 'Single', 7, 727, 1855, 1100, 1, 130, NULL, 501, NULL),
	(4423, 'Triple', 10, 1015, 1887, 1650, 3, 274, NULL, 316, NULL),
	(4424, 'Triple', 5, 511, 1847, 1450, 3, 34, NULL, NULL, NULL),
	(4425, 'Single', 4, 419, 1827, 900, 1, 214, 245, NULL, NULL),
	(4426, 'Triple', 10, 1009, 1830, 1450, 3, 29, NULL, 465, NULL),
	(4427, 'Family', 2, 230, 1838, 1750, 4, 194, NULL, 540, NULL),
	(4428, 'Double', 9, 903, 1826, 1100, 2, 212, 140, NULL, NULL),
	(4429, 'Single', 10, 1019, 1805, 900, 1, 162, NULL, NULL, NULL),
	(4430, 'Family', 6, 621, 1851, 1750, 4, 97, 238, NULL, NULL),
	(4431, 'Double', 3, 321, 1831, 1300, 2, 21, 148, NULL, NULL),
	(4432, 'Triple', 2, 206, 1839, 1450, 3, 148, NULL, 478, NULL),
	(4433, 'Single', 6, 615, 1897, 1240, 1, 32, 169, NULL, NULL),
	(4434, 'Double', 9, 915, 1893, 1500, 2, 283, NULL, NULL, NULL),
	(4435, 'Family', 9, 909, 1864, 2200, 4, 264, 177, NULL, NULL),
	(4436, 'Double', 2, 215, 1854, 1300, 2, 119, 100, NULL, NULL),
	(4437, 'Double', 7, 709, 1844, 1300, 2, 182, 189, NULL, NULL),
	(4438, 'Triple', 3, 319, 1886, 1650, 3, 11, NULL, NULL, 712),
	(4440, 'Family', 5, 526, 1822, 1430, 4, 186, 247, NULL, NULL),
	(4441, 'Family', 5, 529, 1884, 2200, 4, 62, 232, NULL, NULL),
	(4442, 'Single', 5, 512, 1891, 1240, 1, 298, NULL, 676, NULL),
	(4443, 'Double', 6, 628, 1865, 1500, 2, 229, 136, NULL, NULL),
	(4444, 'Family', 5, 530, 1807, 1430, 4, 89, NULL, 667, NULL),
	(4445, 'Single', 8, 820, 1821, 900, 1, 250, NULL, NULL, 1949),
	(4446, 'Double', 7, 720, 1885, 1500, 2, 198, 194, NULL, NULL),
	(4447, 'Single', 4, 404, 1870, 1240, 1, 75, NULL, NULL, NULL),
	(4448, 'Family', 5, 519, 1881, 2200, 4, 152, NULL, 595, NULL),
	(4449, 'Triple', 1, 117, 1824, 1250, 3, 226, 164, NULL, NULL),
	(4450, 'Single', 10, 1017, 1838, 1100, 1, 76, 191, NULL, NULL),
	(4451, 'Double', 5, 520, 1871, 1500, 2, 200, 109, NULL, NULL),
	(4452, 'Triple', 4, 430, 1803, 1250, 3, 287, 147, NULL, NULL),
	(4453, 'Single', 1, 103, 1805, 900, 1, 91, 242, NULL, NULL),
	(4454, 'Triple', 10, 1022, 1842, 1450, 3, 269, 231, NULL, NULL),
	(4456, 'Triple', 2, 203, 1886, 1650, 3, 55, 195, NULL, NULL),
	(4457, 'Double', 4, 408, 1845, 1300, 2, 195, 115, NULL, NULL),
	(4458, 'Triple', 3, 308, 1840, 1450, 3, 9, NULL, NULL, 1101),
	(4459, 'Single', 6, 606, 1895, 1240, 1, 126, 169, NULL, NULL),
	(4460, 'Double', 3, 328, 1838, 1300, 2, 150, 238, NULL, NULL),
	(4461, 'Family', 5, 530, 1841, 1750, 4, 297, 211, NULL, NULL),
	(4462, 'Triple', 10, 1022, 1818, 1250, 3, 49, 175, NULL, NULL),
	(4463, 'Triple', 5, 529, 1848, 1450, 3, 192, 178, NULL, NULL),
	(4464, 'Triple', 1, 117, 1873, 1650, 3, 257, 159, NULL, NULL),
	(4465, 'Single', 1, 128, 1867, 1240, 1, 241, 194, NULL, NULL),
	(4466, 'Triple', 4, 418, 1856, 1450, 3, 229, 144, NULL, NULL),
	(4467, 'Family', 8, 811, 1864, 2200, 4, 295, 179, NULL, NULL),
	(4468, 'Single', 2, 214, 1849, 1100, 1, 60, 157, NULL, NULL),
	(4469, 'Double', 2, 227, 1821, 1100, 2, 117, NULL, NULL, NULL),
	(4470, 'Single', 10, 1007, 1828, 900, 1, 48, 107, NULL, NULL),
	(4471, 'Triple', 1, 113, 1852, 1450, 3, 92, NULL, 550, NULL),
	(4472, 'Triple', 4, 406, 1869, 1650, 3, 232, 138, NULL, NULL),
	(4473, 'Double', 10, 1005, 1887, 1500, 2, 5, 117, NULL, NULL),
	(4474, 'Family', 6, 623, 1873, 2200, 4, 159, NULL, 373, NULL),
	(4475, 'Triple', 4, 412, 1893, 1650, 3, 22, NULL, 655, NULL),
	(4476, 'Triple', 5, 525, 1822, 1250, 3, 231, 188, NULL, NULL),
	(4477, 'Triple', 10, 1023, 1853, 1450, 3, 298, NULL, 568, NULL),
	(4478, 'Single', 9, 923, 1825, 900, 1, 2, 127, NULL, NULL),
	(4479, 'Single', 8, 816, 1871, 1240, 1, 52, NULL, 458, NULL),
	(4480, 'Double', 6, 601, 1831, 1300, 2, 23, NULL, 517, NULL),
	(4481, 'Single', 5, 506, 1830, 1100, 1, 253, 244, NULL, NULL),
	(4482, 'Double', 7, 717, 1848, 1300, 2, 39, 240, NULL, NULL),
	(4483, 'Triple', 8, 817, 1859, 1450, 3, 145, 207, NULL, NULL),
	(4484, 'Family', 8, 812, 1815, 1430, 4, 87, NULL, 494, NULL),
	(4485, 'Double', 4, 407, 1798, 1100, 2, 250, 114, NULL, NULL),
	(4486, 'Double', 2, 213, 1853, 1300, 2, 89, NULL, 580, NULL),
	(4487, 'Triple', 8, 811, 1813, 1250, 3, 117, 242, NULL, NULL),
	(4488, 'Single', 4, 428, 1873, 1240, 1, 286, NULL, NULL, 2943),
	(4489, 'Double', 8, 830, 1833, 1300, 2, 57, NULL, 354, NULL),
	(4490, 'Single', 2, 230, 1882, 1240, 1, 148, NULL, NULL, 1850),
	(4491, 'Single', 3, 303, 1821, 900, 1, 25, 133, NULL, NULL),
	(4492, 'Single', 9, 924, 1844, 1100, 1, 55, NULL, 575, NULL),
	(4493, 'Single', 9, 924, 1852, 1100, 1, 80, 183, NULL, NULL),
	(4494, 'Triple', 10, 1030, 1887, 1650, 3, 254, NULL, 359, NULL),
	(4495, 'Triple', 7, 703, 1804, 1250, 3, 139, 144, NULL, NULL),
	(4496, 'Family', 9, 913, 1866, 2200, 4, 174, 194, NULL, NULL),
	(4497, 'Family', 2, 217, 1821, 1430, 4, 274, NULL, NULL, 2236),
	(4498, 'Triple', 9, 916, 1848, 1450, 3, 43, 199, NULL, NULL),
	(4499, 'Family', 7, 726, 1816, 1430, 4, 91, 150, NULL, NULL),
	(4500, 'Triple', 10, 1017, 1829, 1250, 3, 104, NULL, 642, NULL),
	(4501, 'Double', 6, 628, 1821, 1100, 2, 36, NULL, NULL, NULL),
	(4502, 'Triple', 10, 1012, 1883, 1650, 3, 278, 155, NULL, NULL),
	(4503, 'Double', 9, 925, 1891, 1500, 2, 25, NULL, 428, NULL),
	(4504, 'Single', 4, 429, 1842, 900, 1, 181, NULL, NULL, 2785),
	(4505, 'Single', 4, 429, 1867, 1240, 1, 49, NULL, 435, NULL),
	(4506, 'Double', 2, 218, 1810, 1100, 2, 276, 115, NULL, NULL),
	(4507, 'Triple', 9, 908, 1850, 1450, 3, 207, NULL, 550, NULL),
	(4508, 'Double', 1, 112, 1852, 1300, 2, 59, NULL, 427, NULL),
	(4509, 'Single', 5, 518, 1825, 900, 1, 266, 187, NULL, NULL),
	(4510, 'Triple', 9, 906, 1808, 1250, 3, 275, 114, NULL, NULL),
	(4511, 'Double', 6, 611, 1838, 1300, 2, 247, 195, NULL, NULL),
	(4512, 'Double', 7, 730, 1880, 1500, 2, 108, 240, NULL, NULL),
	(4513, 'Double', 1, 126, 1848, 1300, 2, 183, 190, NULL, NULL),
	(4514, 'Single', 8, 806, 1873, 1240, 1, 144, NULL, 774, NULL),
	(4515, 'Single', 1, 110, 1880, 1240, 1, 169, 215, NULL, NULL),
	(4516, 'Family', 8, 808, 1815, 1430, 4, 77, NULL, NULL, NULL),
	(4517, 'Triple', 10, 1016, 1855, 1450, 3, 169, 208, NULL, NULL),
	(4518, 'Family', 5, 529, 1839, 1750, 4, 175, 176, NULL, NULL),
	(4519, 'Single', 10, 1023, 1872, 1240, 1, 28, 123, NULL, NULL),
	(4520, 'Triple', 6, 604, 1891, 1650, 3, 20, NULL, 367, NULL),
	(4521, 'Triple', 10, 1008, 1808, 1250, 3, 288, NULL, NULL, 862),
	(4522, 'Single', 10, 1007, 1824, 900, 1, 128, NULL, 495, NULL),
	(4523, 'Double', 1, 115, 1871, 1500, 2, 238, 180, NULL, NULL),
	(4524, 'Triple', 2, 212, 1832, 1450, 3, 280, NULL, 384, NULL),
	(4525, 'Double', 6, 625, 1887, 1500, 2, 150, NULL, 354, NULL),
	(4526, 'Family', 10, 1011, 1886, 2200, 4, 137, 229, NULL, NULL),
	(4527, 'Single', 1, 103, 1829, 900, 1, 79, NULL, 316, NULL),
	(4528, 'Triple', 3, 323, 1892, 1650, 3, 209, NULL, 355, NULL),
	(4529, 'Family', 3, 302, 1874, 2200, 4, 233, 169, NULL, NULL),
	(4530, 'Single', 6, 613, 1827, 900, 1, 212, 169, NULL, NULL),
	(4531, 'Double', 6, 615, 1880, 1500, 2, 26, 151, NULL, NULL),
	(4532, 'Single', 1, 126, 1890, 1240, 1, 12, NULL, NULL, 998),
	(4533, 'Triple', 4, 424, 1890, 1650, 3, 200, NULL, 470, NULL),
	(4534, 'Double', 10, 1021, 1859, 1300, 2, 117, NULL, 477, NULL),
	(4535, 'Single', 4, 411, 1834, 1100, 1, 190, 130, NULL, NULL),
	(4536, 'Double', 4, 408, 1897, 1500, 2, 185, NULL, 782, NULL),
	(4537, 'Triple', 3, 323, 1852, 1450, 3, 129, 187, NULL, NULL),
	(4538, 'Single', 5, 527, 1828, 900, 1, 290, NULL, 723, NULL),
	(4539, 'Single', 6, 603, 1853, 1100, 1, 7, 244, NULL, NULL),
	(4540, 'Double', 10, 1014, 1821, 1100, 2, 235, NULL, NULL, 752),
	(4541, 'Triple', 2, 209, 1830, 1450, 3, 118, 110, NULL, NULL),
	(4542, 'Double', 5, 524, 1819, 1100, 2, 215, 202, NULL, NULL),
	(4543, 'Double', 2, 212, 1863, 1500, 2, 236, 146, NULL, NULL),
	(4544, 'Single', 8, 819, 1815, 900, 1, 219, 218, NULL, NULL),
	(4545, 'Double', 5, 511, 1855, 1300, 2, 203, 212, NULL, NULL),
	(4546, 'Triple', 10, 1022, 1829, 1250, 3, 9, 238, NULL, NULL),
	(4547, 'Triple', 5, 503, 1798, 1250, 3, 161, NULL, NULL, 2793),
	(4548, 'Double', 10, 1014, 1886, 1500, 2, 86, 128, NULL, NULL),
	(4549, 'Single', 10, 1021, 1881, 1240, 1, 47, 117, NULL, NULL),
	(4550, 'Triple', 8, 815, 1843, 1450, 3, 178, NULL, 467, NULL),
	(4551, 'Triple', 1, 129, 1802, 1250, 3, 212, 206, NULL, NULL),
	(4552, 'Double', 7, 725, 1865, 1500, 2, 261, NULL, 473, NULL),
	(4553, 'Triple', 9, 923, 1893, 1650, 3, 109, 229, NULL, NULL),
	(4554, 'Triple', 9, 925, 1822, 1250, 3, 101, NULL, NULL, 2236),
	(4555, 'Single', 4, 404, 1798, 900, 1, 103, 235, NULL, NULL),
	(4556, 'Family', 6, 613, 1834, 1750, 4, 115, 106, NULL, NULL),
	(4557, 'Triple', 7, 708, 1809, 1250, 3, 168, 218, NULL, NULL),
	(4558, 'Double', 5, 506, 1858, 1300, 2, 118, NULL, 309, NULL),
	(4559, 'Double', 9, 925, 1883, 1500, 2, 258, 167, NULL, NULL),
	(4561, 'Single', 3, 322, 1885, 1240, 1, 64, 215, NULL, NULL),
	(4562, 'Triple', 6, 616, 1865, 1650, 3, 236, 119, NULL, NULL),
	(4563, 'Double', 9, 910, 1823, 1100, 2, 232, 203, NULL, NULL),
	(4566, 'Triple', 8, 828, 1826, 1250, 3, 201, NULL, NULL, 892),
	(4567, 'Family', 7, 710, 1878, 2200, 4, 300, 210, NULL, NULL),
	(4568, 'Family', 1, 111, 1833, 1750, 4, 222, 248, NULL, NULL),
	(4569, 'Single', 9, 929, 1894, 1240, 1, 144, 115, NULL, NULL),
	(4570, 'Triple', 10, 1016, 1828, 1250, 3, 157, 165, NULL, NULL),
	(4571, 'Single', 4, 424, 1831, 1100, 1, 279, 241, NULL, NULL),
	(4572, 'Family', 8, 810, 1878, 2200, 4, 291, 229, NULL, NULL),
	(4573, 'Double', 3, 310, 1849, 1300, 2, 212, NULL, 326, NULL),
	(4575, 'Family', 5, 519, 1882, 2200, 4, 300, 205, NULL, NULL),
	(4576, 'Triple', 1, 118, 1858, 1450, 3, 180, 114, NULL, NULL),
	(4577, 'Single', 9, 915, 1846, 1100, 1, 166, 173, NULL, NULL),
	(4578, 'Double', 7, 710, 1881, 1500, 2, 197, NULL, NULL, NULL),
	(4579, 'Triple', 3, 327, 1822, 1250, 3, 139, 153, NULL, NULL),
	(4580, 'Single', 3, 309, 1845, 1100, 1, 229, 215, NULL, NULL),
	(4581, 'Triple', 10, 1023, 1808, 1250, 3, 111, NULL, NULL, NULL),
	(4582, 'Triple', 1, 122, 1890, 1650, 3, 150, NULL, 415, NULL),
	(4583, 'Triple', 4, 403, 1840, 1450, 3, 37, 169, NULL, NULL),
	(4584, 'Double', 7, 713, 1855, 1300, 2, 193, 190, NULL, NULL),
	(4585, 'Triple', 1, 108, 1872, 1650, 3, 44, 109, NULL, NULL),
	(4586, 'Family', 1, 103, 1828, 1430, 4, 217, 120, NULL, NULL),
	(4587, 'Single', 5, 517, 1858, 1100, 1, 37, 244, NULL, NULL),
	(4588, 'Double', 3, 305, 1844, 1300, 2, 66, NULL, 674, NULL),
	(4589, 'Single', 6, 625, 1817, 900, 1, 72, NULL, 456, NULL),
	(4590, 'Triple', 2, 205, 1877, 1650, 3, 76, 232, NULL, NULL),
	(4591, 'Double', 4, 415, 1846, 1300, 2, 282, 241, NULL, NULL),
	(4592, 'Triple', 8, 813, 1893, 1650, 3, 292, NULL, 545, NULL),
	(4593, 'Triple', 9, 915, 1862, 1650, 3, 64, NULL, NULL, 866),
	(4594, 'Single', 8, 826, 1881, 1240, 1, 231, 250, NULL, NULL),
	(4595, 'Single', 6, 603, 1811, 900, 1, 193, 106, NULL, NULL),
	(4596, 'Double', 1, 114, 1895, 1500, 2, 143, 208, NULL, NULL),
	(4597, 'Single', 8, 813, 1860, 1240, 1, 20, NULL, NULL, 941),
	(4598, 'Single', 3, 316, 1862, 1240, 1, 1, 176, NULL, NULL),
	(4599, 'Double', 4, 417, 1860, 1500, 2, 280, 181, NULL, NULL),
	(4600, 'Single', 9, 918, 1864, 1240, 1, 124, NULL, 551, NULL),
	(4601, 'Single', 8, 807, 1841, 1100, 1, 223, NULL, 458, NULL),
	(4602, 'Family', 3, 315, 1818, 1430, 4, 229, NULL, 697, NULL),
	(4603, 'Triple', 7, 712, 1896, 1650, 3, 290, 159, NULL, NULL),
	(4604, 'Triple', 1, 115, 1875, 1650, 3, 43, 233, NULL, NULL),
	(4605, 'Double', 5, 512, 1844, 1300, 2, 156, 238, NULL, NULL),
	(4606, 'Single', 4, 430, 1893, 1240, 1, 209, NULL, 543, NULL),
	(4607, 'Family', 8, 808, 1893, 2200, 4, 44, NULL, NULL, NULL),
	(4608, 'Family', 1, 124, 1803, 1430, 4, 93, NULL, 720, NULL),
	(4609, 'Double', 6, 614, 1897, 1500, 2, 260, 159, NULL, NULL),
	(4610, 'Single', 3, 301, 1822, 900, 1, 166, 180, NULL, NULL),
	(4611, 'Double', 9, 915, 1822, 1100, 2, 277, 206, NULL, NULL),
	(4612, 'Family', 10, 1029, 1805, 1430, 4, 124, NULL, 382, NULL),
	(4614, 'Family', 9, 901, 1884, 2200, 4, 195, 198, NULL, NULL),
	(4615, 'Single', 6, 630, 1821, 900, 1, 244, 237, NULL, NULL),
	(4616, 'Double', 1, 121, 1808, 1100, 2, 286, NULL, NULL, 1156),
	(4617, 'Double', 2, 212, 1840, 1300, 2, 36, NULL, NULL, 2618),
	(4618, 'Triple', 4, 422, 1806, 1250, 3, 204, NULL, 422, NULL),
	(4619, 'Family', 6, 611, 1801, 1430, 4, 243, 103, NULL, NULL),
	(4620, 'Family', 4, 429, 1848, 1750, 4, 221, 209, NULL, NULL),
	(4621, 'Double', 5, 517, 1888, 1500, 2, 191, 158, NULL, NULL),
	(4622, 'Single', 8, 826, 1837, 1100, 1, 60, 227, NULL, NULL),
	(4623, 'Single', 10, 1018, 1862, 1240, 1, 177, NULL, NULL, 2680),
	(4624, 'Triple', 3, 313, 1820, 1250, 3, 2, 113, NULL, NULL),
	(4625, 'Single', 6, 612, 1871, 1240, 1, 108, 236, NULL, NULL),
	(4626, 'Triple', 3, 311, 1887, 1650, 3, 273, NULL, 470, NULL),
	(4627, 'Single', 7, 720, 1805, 900, 1, 22, 105, NULL, NULL),
	(4628, 'Double', 6, 606, 1846, 1300, 2, 237, NULL, NULL, 2752),
	(4629, 'Triple', 8, 804, 1835, 1450, 3, 30, 140, NULL, NULL),
	(4630, 'Double', 9, 901, 1826, 1100, 2, 56, 209, NULL, NULL),
	(4631, 'Triple', 10, 1030, 1876, 1650, 3, 254, 204, NULL, NULL),
	(4632, 'Single', 6, 611, 1883, 1240, 1, 83, 183, NULL, NULL),
	(4633, 'Single', 3, 325, 1879, 1240, 1, 184, NULL, 442, NULL),
	(4634, 'Triple', 4, 422, 1810, 1250, 3, 57, 140, NULL, NULL),
	(4635, 'Single', 3, 316, 1864, 1240, 1, 124, 163, NULL, NULL),
	(4636, 'Triple', 6, 620, 1860, 1650, 3, 207, NULL, NULL, 2978),
	(4637, 'Triple', 3, 327, 1837, 1450, 3, 242, 189, NULL, NULL),
	(4638, 'Family', 9, 929, 1807, 1430, 4, 29, 150, NULL, NULL),
	(4639, 'Family', 7, 724, 1814, 1430, 4, 194, NULL, 302, NULL),
	(4640, 'Family', 8, 823, 1893, 2200, 4, 47, NULL, 479, NULL),
	(4641, 'Family', 3, 328, 1799, 1430, 4, 132, NULL, 679, NULL),
	(4642, 'Triple', 6, 603, 1821, 1250, 3, 63, 206, NULL, NULL),
	(4643, 'Triple', 3, 322, 1856, 1450, 3, 291, 131, NULL, NULL),
	(4644, 'Family', 10, 1013, 1804, 1430, 4, 155, 198, NULL, NULL),
	(4645, 'Family', 5, 511, 1848, 1750, 4, 254, NULL, 555, NULL),
	(4646, 'Double', 8, 811, 1866, 1500, 2, 269, NULL, NULL, 524),
	(4647, 'Triple', 2, 226, 1833, 1450, 3, 92, NULL, 530, NULL),
	(4648, 'Triple', 1, 102, 1849, 1450, 3, 118, NULL, 769, NULL),
	(4649, 'Double', 4, 415, 1823, 1100, 2, 117, 139, NULL, NULL),
	(4650, 'Double', 5, 510, 1815, 1100, 2, 167, 165, NULL, NULL),
	(4651, 'Double', 2, 211, 1800, 1100, 2, 291, 151, NULL, NULL),
	(4652, 'Triple', 5, 516, 1824, 1250, 3, 2, NULL, NULL, NULL),
	(4653, 'Triple', 5, 509, 1870, 1650, 3, 52, NULL, NULL, NULL),
	(4654, 'Double', 7, 726, 1875, 1500, 2, 262, 157, NULL, NULL),
	(4655, 'Double', 9, 901, 1815, 1100, 2, 129, NULL, 673, NULL),
	(4656, 'Double', 4, 415, 1867, 1500, 2, 175, NULL, 734, NULL),
	(4658, 'Family', 9, 912, 1870, 2200, 4, 229, NULL, 793, NULL),
	(4659, 'Triple', 10, 1023, 1806, 1250, 3, 285, NULL, NULL, 2080),
	(4660, 'Double', 9, 908, 1821, 1100, 2, 83, NULL, 427, NULL),
	(4661, 'Double', 7, 730, 1864, 1500, 2, 16, NULL, NULL, NULL),
	(4662, 'Triple', 6, 613, 1882, 1650, 3, 147, 218, NULL, NULL),
	(4663, 'Family', 10, 1024, 1891, 2200, 4, 202, NULL, 722, NULL),
	(4664, 'Family', 3, 314, 1852, 1750, 4, 135, NULL, 736, NULL),
	(4665, 'Single', 4, 427, 1806, 900, 1, 211, 229, NULL, NULL),
	(4666, 'Family', 4, 421, 1867, 2200, 4, 0, 215, NULL, NULL),
	(4667, 'Family', 9, 918, 1874, 2200, 4, 65, NULL, NULL, NULL),
	(4668, 'Single', 2, 204, 1831, 1100, 1, 95, 142, NULL, NULL),
	(4669, 'Double', 2, 223, 1834, 1300, 2, 22, 238, NULL, NULL),
	(4670, 'Triple', 7, 716, 1808, 1250, 3, 246, NULL, NULL, NULL),
	(4671, 'Double', 6, 630, 1834, 1300, 2, 143, NULL, NULL, 557),
	(4672, 'Double', 4, 420, 1892, 1500, 2, 70, NULL, NULL, 2808),
	(4673, 'Triple', 8, 802, 1832, 1450, 3, 198, 152, NULL, NULL),
	(4674, 'Single', 8, 826, 1870, 1240, 1, 221, NULL, 312, NULL),
	(4675, 'Single', 5, 512, 1819, 900, 1, 175, NULL, 634, NULL),
	(4676, 'Triple', 9, 921, 1888, 1650, 3, 195, 200, NULL, NULL),
	(4677, 'Double', 4, 405, 1893, 1500, 2, 44, 115, NULL, NULL),
	(4678, 'Single', 2, 222, 1805, 900, 1, 39, 112, NULL, NULL),
	(4679, 'Triple', 1, 115, 1804, 1250, 3, 221, NULL, NULL, 2379),
	(4680, 'Family', 4, 406, 1895, 2200, 4, 293, NULL, NULL, NULL),
	(4681, 'Double', 8, 809, 1866, 1500, 2, 161, 200, NULL, NULL),
	(4682, 'Family', 8, 825, 1860, 2200, 4, 36, 209, NULL, NULL),
	(4683, 'Single', 9, 906, 1840, 1100, 1, 285, 139, NULL, NULL),
	(4684, 'Double', 8, 830, 1831, 1300, 2, 80, NULL, NULL, 2870),
	(4685, 'Double', 6, 621, 1856, 1300, 2, 183, NULL, NULL, 1255),
	(4686, 'Single', 4, 405, 1864, 1240, 1, 34, NULL, 321, NULL),
	(4687, 'Family', 3, 318, 1805, 1430, 4, 156, NULL, 356, NULL),
	(4688, 'Triple', 8, 811, 1885, 1650, 3, 104, NULL, 551, NULL),
	(4689, 'Double', 7, 701, 1800, 1100, 2, 78, 159, NULL, NULL),
	(4690, 'Double', 6, 611, 1825, 1100, 2, 86, NULL, 505, NULL),
	(4691, 'Family', 10, 1003, 1886, 2200, 4, 274, 107, NULL, NULL),
	(4692, 'Triple', 9, 904, 1840, 1450, 3, 94, NULL, 626, NULL),
	(4693, 'Double', 7, 727, 1813, 1100, 2, 290, 137, NULL, NULL),
	(4694, 'Triple', 5, 503, 1883, 1650, 3, 89, 178, NULL, NULL),
	(4695, 'Double', 6, 622, 1854, 1300, 2, 171, 171, NULL, NULL),
	(4696, 'Single', 5, 524, 1861, 1240, 1, 244, NULL, 553, NULL),
	(4697, 'Double', 2, 209, 1887, 1500, 2, 74, NULL, 335, NULL),
	(4698, 'Triple', 1, 115, 1819, 1250, 3, 252, NULL, 686, NULL),
	(4699, 'Triple', 3, 329, 1809, 1250, 3, 23, 197, NULL, NULL),
	(4701, 'Family', 9, 922, 1850, 1750, 4, 37, 247, NULL, NULL),
	(4702, 'Single', 4, 414, 1866, 1240, 1, 135, 169, NULL, NULL),
	(4703, 'Double', 4, 427, 1834, 1300, 2, 255, 164, NULL, NULL),
	(4704, 'Double', 10, 1009, 1884, 1500, 2, 31, 109, NULL, NULL),
	(4705, 'Single', 7, 719, 1822, 900, 1, 47, NULL, 468, NULL),
	(4706, 'Single', 3, 304, 1859, 1100, 1, 282, 233, NULL, NULL),
	(4707, 'Single', 1, 105, 1897, 1240, 1, 58, 249, NULL, NULL),
	(4708, 'Single', 1, 118, 1876, 1240, 1, 64, 243, NULL, NULL),
	(4709, 'Triple', 1, 110, 1851, 1450, 3, 253, NULL, 364, NULL),
	(4710, 'Double', 1, 101, 1848, 1300, 2, 55, 149, NULL, NULL),
	(4711, 'Family', 5, 510, 1830, 1750, 4, 176, 122, NULL, NULL),
	(4712, 'Double', 2, 229, 1805, 1100, 2, 32, 107, NULL, NULL),
	(4713, 'Double', 7, 717, 1816, 1100, 2, 4, NULL, 684, NULL),
	(4714, 'Family', 2, 210, 1891, 2200, 4, 85, NULL, 720, NULL),
	(4715, 'Family', 7, 724, 1875, 2200, 4, 211, NULL, NULL, NULL),
	(4716, 'Single', 5, 525, 1862, 1240, 1, 150, 102, NULL, NULL),
	(4717, 'Family', 5, 528, 1884, 2200, 4, 262, NULL, NULL, 736),
	(4718, 'Single', 9, 915, 1857, 1100, 1, 142, 228, NULL, NULL),
	(4719, 'Single', 10, 1026, 1864, 1240, 1, 232, NULL, NULL, NULL),
	(4720, 'Triple', 2, 217, 1823, 1250, 3, 89, 226, NULL, NULL),
	(4721, 'Triple', 9, 912, 1896, 1650, 3, 259, 230, NULL, NULL),
	(4722, 'Single', 6, 616, 1896, 1240, 1, 275, NULL, NULL, 1407),
	(4723, 'Single', 7, 709, 1808, 900, 1, 154, 224, NULL, NULL),
	(4724, 'Family', 6, 622, 1849, 1750, 4, 51, 183, NULL, NULL),
	(4725, 'Triple', 6, 613, 1867, 1650, 3, 258, NULL, 530, NULL),
	(4726, 'Triple', 9, 913, 1842, 1450, 3, 181, 149, NULL, NULL),
	(4727, 'Single', 3, 312, 1896, 1240, 1, 171, NULL, 478, NULL),
	(4728, 'Double', 1, 106, 1867, 1500, 2, 240, 108, NULL, NULL),
	(4729, 'Single', 4, 406, 1874, 1240, 1, 226, 102, NULL, NULL),
	(4730, 'Family', 6, 601, 1816, 1430, 4, 140, 243, NULL, NULL),
	(4731, 'Single', 4, 408, 1876, 1240, 1, 166, NULL, 704, NULL),
	(4732, 'Double', 9, 922, 1893, 1500, 2, 97, 216, NULL, NULL),
	(4733, 'Double', 8, 807, 1895, 1500, 2, 265, 113, NULL, NULL),
	(4734, 'Triple', 7, 703, 1878, 1650, 3, 85, 135, NULL, NULL),
	(4735, 'Triple', 4, 406, 1885, 1650, 3, 137, NULL, NULL, 796),
	(4736, 'Double', 3, 327, 1896, 1500, 2, 143, NULL, 469, NULL),
	(4737, 'Single', 2, 229, 1896, 1240, 1, 162, 161, NULL, NULL),
	(4738, 'Single', 9, 915, 1806, 900, 1, 211, 147, NULL, NULL),
	(4739, 'Triple', 1, 103, 1830, 1450, 3, 206, NULL, 713, NULL),
	(4740, 'Double', 7, 701, 1886, 1500, 2, 7, NULL, 556, NULL),
	(4741, 'Triple', 10, 1007, 1842, 1450, 3, 213, 208, NULL, NULL),
	(4742, 'Single', 1, 112, 1848, 1100, 1, 268, 213, NULL, NULL),
	(4743, 'Double', 8, 803, 1863, 1500, 2, 102, 234, NULL, NULL),
	(4744, 'Family', 2, 201, 1803, 1430, 4, 222, NULL, 423, NULL),
	(4745, 'Single', 8, 803, 1851, 1100, 1, 10, 153, NULL, NULL),
	(4746, 'Triple', 5, 516, 1890, 1650, 3, 65, NULL, 327, NULL),
	(4747, 'Triple', 8, 827, 1836, 1450, 3, 71, 216, NULL, NULL),
	(4748, 'Single', 10, 1028, 1846, 1100, 1, 225, 166, NULL, NULL),
	(4749, 'Single', 7, 719, 1836, 1100, 1, 40, 211, NULL, NULL),
	(4750, 'Triple', 10, 1023, 1836, 1450, 3, 3, NULL, 762, NULL),
	(4751, 'Triple', 5, 527, 1817, 1250, 3, 19, NULL, NULL, 1822),
	(4752, 'Triple', 2, 201, 1886, 1650, 3, 8, NULL, 714, NULL),
	(4753, 'Family', 5, 526, 1885, 2200, 4, 103, 209, NULL, NULL),
	(4754, 'Single', 9, 921, 1863, 1240, 1, 37, 247, NULL, NULL),
	(4755, 'Triple', 2, 207, 1879, 1650, 3, 220, 204, NULL, NULL),
	(4756, 'Double', 10, 1003, 1839, 1300, 2, 250, 141, NULL, NULL),
	(4757, 'Single', 3, 325, 1876, 1240, 1, 162, 134, NULL, NULL),
	(4759, 'Triple', 7, 722, 1883, 1650, 3, 122, 164, NULL, NULL),
	(4760, 'Double', 4, 406, 1897, 1500, 2, 63, 203, NULL, NULL),
	(4761, 'Double', 8, 816, 1885, 1500, 2, 280, 183, NULL, NULL),
	(4762, 'Single', 10, 1023, 1819, 900, 1, 101, 173, NULL, NULL),
	(4763, 'Family', 7, 701, 1857, 1750, 4, 240, 131, NULL, NULL),
	(4765, 'Double', 6, 622, 1890, 1500, 2, 19, 233, NULL, NULL),
	(4766, 'Family', 9, 913, 1887, 2200, 4, 59, 183, NULL, NULL),
	(4767, 'Double', 4, 405, 1897, 1500, 2, 215, NULL, 411, NULL),
	(4768, 'Single', 6, 615, 1837, 1100, 1, 75, NULL, NULL, NULL),
	(4769, 'Double', 6, 602, 1848, 1300, 2, 243, NULL, 351, NULL),
	(4770, 'Double', 10, 1006, 1889, 1500, 2, 39, NULL, 372, NULL),
	(4771, 'Triple', 5, 522, 1862, 1650, 3, 159, NULL, NULL, 2119),
	(4772, 'Single', 10, 1014, 1810, 900, 1, 64, NULL, 455, NULL),
	(4773, 'Triple', 4, 402, 1850, 1450, 3, 106, 231, NULL, NULL),
	(4774, 'Family', 6, 619, 1888, 2200, 4, 269, NULL, 544, NULL),
	(4775, 'Single', 1, 126, 1863, 1240, 1, 113, 226, NULL, NULL),
	(4776, 'Single', 6, 602, 1891, 1240, 1, 136, 211, NULL, NULL),
	(4777, 'Family', 6, 614, 1870, 2200, 4, 84, 207, NULL, NULL),
	(4778, 'Single', 8, 804, 1820, 900, 1, 254, 112, NULL, NULL),
	(4779, 'Single', 7, 715, 1803, 900, 1, 49, 244, NULL, NULL),
	(4780, 'Single', 2, 215, 1832, 1100, 1, 225, NULL, 457, NULL),
	(4781, 'Double', 3, 317, 1887, 1500, 2, 55, 182, NULL, NULL),
	(4782, 'Double', 5, 530, 1883, 1500, 2, 83, 104, NULL, NULL),
	(4783, 'Family', 6, 607, 1836, 1750, 4, 299, 174, NULL, NULL),
	(4784, 'Single', 5, 527, 1851, 1100, 1, 167, 134, NULL, NULL),
	(4785, 'Triple', 5, 508, 1818, 1250, 3, 41, NULL, 424, NULL),
	(4786, 'Double', 8, 819, 1806, 1100, 2, 61, NULL, 329, NULL),
	(4787, 'Single', 3, 307, 1869, 1240, 1, 244, 198, NULL, NULL),
	(4788, 'Family', 3, 307, 1838, 1750, 4, 43, 227, NULL, NULL),
	(4789, 'Double', 1, 113, 1865, 1500, 2, 126, 114, NULL, NULL),
	(4790, 'Double', 9, 920, 1835, 1300, 2, 54, 157, NULL, NULL),
	(4791, 'Triple', 8, 812, 1891, 1650, 3, 125, 110, NULL, NULL),
	(4792, 'Double', 10, 1011, 1803, 1100, 2, 298, 208, NULL, NULL),
	(4793, 'Triple', 9, 913, 1894, 1650, 3, 226, 160, NULL, NULL),
	(4794, 'Single', 2, 222, 1803, 900, 1, 77, NULL, 469, NULL),
	(4795, 'Family', 1, 129, 1878, 2200, 4, 5, NULL, NULL, 2011),
	(4796, 'Triple', 8, 812, 1828, 1250, 3, 154, 108, NULL, NULL),
	(4797, 'Double', 9, 923, 1834, 1300, 2, 258, 222, NULL, NULL),
	(4798, 'Triple', 8, 830, 1821, 1250, 3, 115, NULL, 689, NULL),
	(4799, 'Family', 4, 426, 1798, 1430, 4, 56, NULL, 557, NULL),
	(4800, 'Triple', 6, 609, 1833, 1450, 3, 141, NULL, 509, NULL),
	(4801, 'Double', 3, 307, 1867, 1500, 2, 271, NULL, NULL, 2049),
	(4802, 'Single', 7, 723, 1857, 1100, 1, 107, 248, NULL, NULL),
	(4803, 'Single', 5, 501, 1803, 900, 1, 158, 228, NULL, NULL),
	(4804, 'Family', 5, 512, 1834, 1750, 4, 227, NULL, 686, NULL),
	(4805, 'Single', 6, 617, 1835, 1100, 1, 74, 214, NULL, NULL),
	(4806, 'Triple', 10, 1011, 1810, 1250, 3, 29, NULL, 522, NULL),
	(4807, 'Triple', 4, 403, 1894, 1650, 3, 47, NULL, NULL, NULL),
	(4808, 'Double', 3, 301, 1826, 1100, 2, 45, NULL, 778, NULL),
	(4809, 'Triple', 8, 811, 1803, 1250, 3, 0, 247, NULL, NULL),
	(4810, 'Triple', 3, 325, 1825, 1250, 3, 90, 186, NULL, NULL),
	(4811, 'Triple', 1, 107, 1849, 1450, 3, 201, 180, NULL, NULL),
	(4812, 'Triple', 3, 328, 1831, 1450, 3, 22, NULL, 699, NULL),
	(4813, 'Triple', 2, 225, 1841, 1450, 3, 216, 170, NULL, NULL),
	(4814, 'Double', 10, 1002, 1817, 1100, 2, 129, NULL, 769, NULL),
	(4815, 'Single', 4, 427, 1813, 900, 1, 16, 220, NULL, NULL),
	(4816, 'Family', 2, 225, 1864, 2200, 4, 222, 103, NULL, NULL),
	(4818, 'Family', 3, 304, 1886, 2200, 4, 0, 128, NULL, NULL),
	(4819, 'Triple', 1, 107, 1810, 1250, 3, 211, 229, NULL, NULL),
	(4820, 'Single', 4, 417, 1847, 1100, 1, 271, NULL, NULL, NULL),
	(4821, 'Family', 6, 603, 1806, 1430, 4, 287, NULL, 671, NULL),
	(4822, 'Double', 8, 804, 1864, 1500, 2, 100, NULL, 545, NULL),
	(4823, 'Single', 10, 1021, 1835, 1100, 1, 72, 209, NULL, NULL),
	(4824, 'Triple', 5, 506, 1878, 1650, 3, 58, NULL, 501, NULL),
	(4825, 'Family', 3, 317, 1824, 1430, 4, 155, NULL, NULL, NULL),
	(4826, 'Family', 10, 1013, 1835, 1750, 4, 42, NULL, 358, NULL),
	(4827, 'Double', 9, 905, 1874, 1500, 2, 250, 137, NULL, NULL),
	(4828, 'Double', 7, 722, 1852, 1300, 2, 183, 181, NULL, NULL),
	(4829, 'Single', 9, 921, 1843, 900, 1, 161, NULL, 531, NULL),
	(4830, 'Triple', 1, 101, 1897, 1650, 3, 268, 147, NULL, NULL),
	(4831, 'Triple', 1, 128, 1836, 1450, 3, 141, 133, NULL, NULL),
	(4832, 'Single', 2, 215, 1857, 1100, 1, 54, NULL, 510, NULL),
	(4833, 'Triple', 6, 619, 1878, 1650, 3, 200, 171, NULL, NULL),
	(4834, 'Single', 7, 711, 1857, 1100, 1, 156, NULL, 504, NULL),
	(4835, 'Double', 5, 520, 1800, 1100, 2, 204, 245, NULL, NULL),
	(4836, 'Double', 5, 526, 1800, 1100, 2, 220, NULL, NULL, 2580),
	(4837, 'Single', 4, 425, 1863, 1240, 1, 226, 134, NULL, NULL),
	(4838, 'Family', 4, 413, 1828, 1430, 4, 69, NULL, NULL, 2907),
	(4839, 'Triple', 4, 401, 1859, 1450, 3, 181, 140, NULL, NULL),
	(4840, 'Family', 2, 221, 1880, 2200, 4, 218, 240, NULL, NULL),
	(4841, 'Family', 6, 621, 1889, 2200, 4, 182, 138, NULL, NULL),
	(4842, 'Single', 1, 106, 1816, 900, 1, 171, 132, NULL, NULL),
	(4843, 'Double', 10, 1020, 1802, 1100, 2, 4, 130, NULL, NULL),
	(4844, 'Double', 1, 122, 1859, 1300, 2, 105, 174, NULL, NULL),
	(4845, 'Family', 5, 518, 1820, 1430, 4, 268, 104, NULL, NULL),
	(4846, 'Single', 10, 1004, 1801, 900, 1, 246, NULL, NULL, 2981),
	(4847, 'Double', 9, 904, 1885, 1500, 2, 0, 227, NULL, NULL),
	(4848, 'Double', 8, 811, 1876, 1500, 2, 233, 149, NULL, NULL),
	(4849, 'Triple', 10, 1008, 1872, 1650, 3, 274, NULL, NULL, NULL),
	(4850, 'Triple', 10, 1008, 1830, 1450, 3, 58, 114, NULL, NULL),
	(4851, 'Family', 2, 212, 1857, 1750, 4, 225, 145, NULL, NULL),
	(4853, 'Triple', 5, 503, 1800, 1250, 3, 206, 212, NULL, NULL),
	(4854, 'Double', 8, 815, 1817, 1100, 2, 171, 250, NULL, NULL),
	(4855, 'Double', 3, 318, 1890, 1500, 2, 76, NULL, NULL, 2127),
	(4856, 'Family', 2, 212, 1822, 1430, 4, 63, 246, NULL, NULL),
	(4857, 'Family', 8, 821, 1884, 2200, 4, 141, NULL, 566, NULL),
	(4858, 'Family', 4, 405, 1848, 1750, 4, 28, NULL, 694, NULL),
	(4859, 'Family', 10, 1022, 1806, 1430, 4, 91, 112, NULL, NULL),
	(4860, 'Double', 1, 122, 1806, 1100, 2, 239, NULL, NULL, 2660),
	(4861, 'Family', 4, 428, 1838, 1750, 4, 252, 129, NULL, NULL),
	(4862, 'Family', 8, 818, 1849, 1750, 4, 95, NULL, NULL, NULL);
/*!40000 ALTER TABLE `room` ENABLE KEYS */;

-- Dumping structure for table hoolitels.roombooking
CREATE TABLE IF NOT EXISTS `roombooking` (
  `id` int(11) NOT NULL AUTO_INCREMENT,
  `booking_id` int(11) NOT NULL DEFAULT 0,
  `room_id` int(11) NOT NULL DEFAULT 0,
  `extra_bed` int(11) DEFAULT 0,
  `room_cost` int(11) NOT NULL DEFAULT 0,
  `food_cost` int(11) DEFAULT 0,
  PRIMARY KEY (`id`) USING BTREE,
  UNIQUE KEY `booking_id_room_id` (`booking_id`,`room_id`),
  KEY `FK__booking` (`booking_id`) USING BTREE,
  KEY `FK__room` (`room_id`) USING BTREE,
  CONSTRAINT `FK__booking` FOREIGN KEY (`booking_id`) REFERENCES `booking` (`id`),
  CONSTRAINT `FK__room` FOREIGN KEY (`room_id`) REFERENCES `room` (`id`)
) ENGINE=InnoDB AUTO_INCREMENT=25 DEFAULT CHARSET=utf8mb4;

-- Dumping data for table hoolitels.roombooking: ~20 rows (approximately)
/*!40000 ALTER TABLE `roombooking` DISABLE KEYS */;
INSERT INTO `roombooking` (`id`, `booking_id`, `room_id`, `extra_bed`, `room_cost`, `food_cost`) VALUES
	(1, 1, 3863, 0, 1200, 676),
	(2, 2, 3868, 444, 1212, 0),
	(3, 2, 3874, 0, 999, 0),
	(5, 4, 3866, 0, 1245, 676),
	(6, 5, 3866, 0, 876, 676),
	(7, 10, 3869, 0, 2222, 600),
	(8, 11, 4002, 333, 1111, 333),
	(9, 21, 4002, 222, 1110, 333),
	(10, 21, 3865, 0, 987, 0),
	(12, 22, 3869, 0, 1122, 600),
	(13, 22, 4002, 111, 452, 333),
	(16, 23, 4101, 0, 1221, 0),
	(17, 23, 4027, 0, 1010, 0),
	(18, 24, 4744, 0, 765, 0),
	(19, 24, 4779, 0, 465, 0),
	(20, 25, 4002, 0, 600, 333),
	(21, 26, 4099, 0, 555, 333),
	(22, 27, 4099, 222, 800, 333),
	(23, 28, 4099, 200, 1200, 333),
	(24, 29, 4099, 150, 1100, 333);
/*!40000 ALTER TABLE `roombooking` ENABLE KEYS */;

-- Dumping structure for table hoolitels.user
CREATE TABLE IF NOT EXISTS `user` (
  `id` int(11) NOT NULL AUTO_INCREMENT,
  `name` varchar(100) NOT NULL DEFAULT '0',
  `email` varchar(50) NOT NULL DEFAULT '0',
  `address` varchar(50) NOT NULL DEFAULT '0',
  `zip` varchar(10) NOT NULL DEFAULT '0',
  `city` varchar(50) NOT NULL DEFAULT '0',
  `phone` varchar(20) NOT NULL DEFAULT '0',
  `password` varchar(50) NOT NULL DEFAULT '0',
  `country_id` int(11) NOT NULL DEFAULT 0,
  PRIMARY KEY (`id`) USING BTREE,
  UNIQUE KEY `email` (`email`),
  UNIQUE KEY `phone` (`phone`),
  KEY `FK__country` (`country_id`) USING BTREE,
  CONSTRAINT `FK__country` FOREIGN KEY (`country_id`) REFERENCES `country` (`id`)
) ENGINE=InnoDB AUTO_INCREMENT=2066 DEFAULT CHARSET=utf8mb4;

-- Dumping data for table hoolitels.user: ~1 002 rows (approximately)
/*!40000 ALTER TABLE `user` DISABLE KEYS */;
INSERT INTO `user` (`id`, `name`, `email`, `address`, `zip`, `city`, `phone`, `password`, `country_id`) VALUES
	(1063, 'Winifred Boath', 'wboath0@house.gov', '296 Sunnyside Point', '14521', 'Sawara', '2123758293', '0bVsmQ', 176),
	(1064, 'Adore Utley', 'autley1@hibu.com', '71 Burning Wood Pass', '90466', 'La Libertad', '8757451626', 'nTJNrfMPiDJC', 24),
	(1065, 'Martino Finkle', 'mfinkle2@msn.com', '18 Canary Terrace', '38468', 'Oxapampa', '7881820898', 'IZF9XJ', 106),
	(1066, 'Adrianne Cafe', 'acafe3@walmart.com', '0044 Arizona Drive', '15502', 'Palu', '1512381732', '8UNGtql', 22),
	(1067, 'Catherin Mc Meekan', 'cmc4@fotki.com', '40763 Miller Road', '99382', 'Xiaolong', '9911496582', 'sj5kL2yjx5', 152),
	(1068, 'Anitra Colbran', 'acolbran5@edublogs.org', '471 Waywood Court', '69434', 'Santa Valha', '2921222470', 'ynaaISDqi5Uk', 234),
	(1069, 'Leigh Kitman', 'lkitman6@pcworld.com', '7383 Clyde Gallagher Parkway', '78652', 'Despotovac', '3247034244', 'l2tcooL4xJsp', 168),
	(1070, 'Mariette Ceely', 'mceely7@wp.com', '14438 Arapahoe Lane', '65846', 'Mahajanga', '4706831475', 'xHtTUPrTSD', 25),
	(1071, 'Charin O\'Lunny', 'colunny8@squarespace.com', '3 Jenna Circle', '80637', 'Bajawa', '6625916915', 'akf33cn', 108),
	(1072, 'Etta Hemphill', 'ehemphill9@geocities.jp', '40019 Jana Plaza', '32428', 'Fundong', '6373180214', 'sd8CiDSPk', 221),
	(1073, 'Morry Drissell', 'mdrissella@springer.com', '6187 Commercial Crossing', '58230', 'Rosso', '5078212616', 'eWr9F4IW7', 235),
	(1074, 'Esma Tabord', 'etabordb@nba.com', '1044 Londonderry Drive', '94895', 'Yuanjiazhuang', '5567242426', 'Q4ZVI4', 17),
	(1075, 'Nolana Depper', 'ndepperc@bizjournals.com', '4862 Harper Park', '61835', 'Sadahayu', '2368354794', 'vPJVBMX', 221),
	(1076, 'Rob Wimbush', 'rwimbushd@about.me', '7992 Butterfield Park', '76942', 'Tobatí', '3584409824', '1oT8Mc', 189),
	(1077, 'Fifi Gofford', 'fgofforde@cargocollective.com', '540 Welch Pass', '72934', 'Bromma', '3392217834', 'ZGAYQPadG', 241),
	(1078, 'Chandal Sposito', 'cspositof@slideshare.net', '075 Quincy Drive', '29286', 'Lyon', '1895228182', 'aCmYcY2sfhE', 250),
	(1079, 'Trevor Dinsdale', 'tdinsdaleg@naver.com', '825 Garrison Point', '75380', 'Pingshan', '9378686274', '3uROILP', 200),
	(1080, 'Livia Tarbatt', 'ltarbatth@dailymail.co.uk', '05 Jay Parkway', '51401', 'Vesoul', '1203177389', 'kr7G9WjKss4P', 179),
	(1081, 'Jimmie Redhole', 'jredholei@hao123.com', '3 Fisk Road', '59137', 'Bumpe', '2623394491', '5jVjhe', 130),
	(1082, 'Brittany Harbertson', 'bharbertsonj@theatlantic.com', '0377 Sunbrook Circle', '37265', 'Raszczyce', '7216389473', 'NnXNDjdEtn6z', 237),
	(1083, 'Silvana Sheeran', 'ssheerank@marketwatch.com', '30881 Westridge Center', '64347', 'Agrela', '8493258937', 'HOO0550Ynuk', 105),
	(1084, 'Kara Croci', 'kcrocil@java.com', '2391 Fairfield Hill', '56772', 'Lahad Datu', '3425106560', 'TOibfRXl', 22),
	(1085, 'Morris Toal', 'mtoalm@businessinsider.com', '57446 3rd Road', '58541', 'Daoqiao', '9641293737', 'ktae52CFZ', 243),
	(1086, 'Halli Guard', 'hguardn@ebay.com', '09763 Shelley Junction', '78286', 'Al Mughayyir', '3108946330', 'qmhLPzcW', 109),
	(1087, 'Francisco Vanichkin', 'fvanichkino@unblog.fr', '1801 Victoria Parkway', '50839', 'Maranura', '4405489652', 'gyvPLEaz26y', 120),
	(1088, 'Lilli Shropsheir', 'lshropsheirp@springer.com', '16 Rusk Court', '47468', 'Jīma', '1086494625', '3BcMeaG', 55),
	(1089, 'Clare Robertsen', 'crobertsenq@rambler.ru', '65 Riverside Hill', '61791', 'Wolometang', '7184075199', 'giulVhyrf', 249),
	(1090, 'Elinor Aime', 'eaimer@marriott.com', '52 Shasta Circle', '43907', 'Emiliano Zapata', '9406408810', 'NKXMhX8Or', 30),
	(1091, 'Albert Schroder', 'aschroders@smh.com.au', '80797 Tennessee Point', '61684', 'Itapeva', '6249544347', 'YpMqwJPg', 163),
	(1092, 'Hettie Fenkel', 'hfenkelt@feedburner.com', '435 Superior Way', '82374', 'Atouguia', '7437473131', 'huRIVg29iCr', 118),
	(1093, 'Burlie Saunton', 'bsauntonu@biblegateway.com', '92 Rieder Avenue', '68018', 'La Poma', '4902068239', 'uFiQFmCE8', 26),
	(1094, 'Patrice Maletratt', 'pmaletrattv@toplist.cz', '43 Petterle Avenue', '84632', 'Anbyŏn-ŭp', '5746100636', 'jOwihuPJyMgl', 146),
	(1095, 'Elysee Blanchflower', 'eblanchflowerw@pen.io', '37750 Fremont Alley', '62272', 'Centre de Flacq', '6952357335', 'GSTdLZ', 196),
	(1096, 'Di Weatherley', 'dweatherleyx@xrea.com', '07 Ridge Oak Junction', '13111', 'Pangkungparuk', '5063241783', 'JeWw2ou9NhYV', 162),
	(1097, 'Gino Iuorio', 'giuorioy@ibm.com', '716 Armistice Pass', '88743', 'Anda', '4154912677', 'ztIsRKXW', 229),
	(1098, 'Sinclair Knightly', 'sknightlyz@themeforest.net', '0 Prairie Rose Hill', '56753', 'Cuijiaqiao', '8124655879', 'TIY1Y7s2inM0', 42),
	(1099, 'Larine Glaze', 'lglaze10@csmonitor.com', '9105 5th Point', '54117', 'Balindong', '6891466817', 'sNDNbW15', 101),
	(1100, 'Dal Newiss', 'dnewiss11@cornell.edu', '325 Hazelcrest Pass', '69166', 'Mannheim', '2302143693', 'hV6lvwo7', 81),
	(1101, 'Luella Ardy', 'lardy12@biblegateway.com', '7541 Mitchell Park', '76690', 'Karatsu', '7313993240', 'YlHJyfaw', 215),
	(1102, 'Kipper Le Noury', 'kle13@bluehost.com', '2531 Jackson Point', '11154', 'Guri i Zi', '1356073963', 'CcfHFTMI5t', 203),
	(1103, 'Cesaro Gossart', 'cgossart14@bizjournals.com', '29664 Del Mar Hill', '64869', 'Chengjiao', '2891662700', 'dOWyYQtFgQ', 218),
	(1104, 'Annamarie Seally', 'aseally15@weebly.com', '9341 Packers Lane', '66266', 'Lubukalung', '9159946431', 'jYLsV0Ufq', 152),
	(1105, 'Debbie Everill', 'deverill16@wp.com', '13 Amoth Road', '37715', 'Kezilei', '8266287159', 'm6GW1D8s', 189),
	(1106, 'Sydel Tabary', 'stabary17@ebay.com', '6237 Anhalt Park', '33547', 'Jiuhe', '5978594422', 'lQqoBGk8avJ3', 178),
	(1107, 'Sande Durie', 'sdurie18@theglobeandmail.com', '44170 Mockingbird Lane', '77686', 'Rāwandūz', '6313312930', '9KVIngF0hYi', 258),
	(1108, 'Tiffany Alcorn', 'talcorn19@amazon.com', '534 Waxwing Street', '76136', 'Villa Ascasubi', '5173134487', 'Zx5JCb', 223),
	(1109, 'Warren Mallan', 'wmallan1a@economist.com', '44335 Surrey Junction', '85672', 'Hanban', '5235426614', 'i2MDV1Da4CTi', 89),
	(1110, 'Joyann Doerr', 'jdoerr1b@simplemachines.org', '9 Magdeline Hill', '86134', 'Tyre', '9948569121', 'sQr5zqBS1K', 261),
	(1111, 'Kaleena Rhodef', 'krhodef1c@comsenz.com', '4864 Waxwing Avenue', '47636', 'Jacksonville', '9044659583', 'csD2OIBmdJ', 77),
	(1112, 'Beatriz Lowsely', 'blowsely1d@noaa.gov', '9 Morningstar Street', '73708', 'Bicos', '5517420963', 'UwV01K4yGV', 72),
	(1113, 'Kimbell Bauldrey', 'kbauldrey1e@scribd.com', '606 Westend Trail', '34495', 'Satu Nou', '9501897401', 'CGvArB', 234),
	(1114, 'Craig Nott', 'cnott1f@opera.com', '2 Bluestem Drive', '73144', 'João Alfredo', '7366574122', 'lK87TVjoyY', 61),
	(1115, 'Pincus Zecchinii', 'pzecchinii1g@youku.com', '89008 Corben Parkway', '40964', 'Miaoyu', '6855662427', 'jFd4jbmIt', 62),
	(1116, 'Leann Gatland', 'lgatland1h@networksolutions.com', '972 Pine View Drive', '69687', 'Shashemenē', '7179696685', '7YjChhbj', 256),
	(1117, 'Delbert Raffeorty', 'draffeorty1i@oakley.com', '50180 Cherokee Parkway', '91310', 'Dampit Satu', '4898879630', 'KNjVxKC', 180),
	(1118, 'Jessie Bodker', 'jbodker1j@phpbb.com', '14 Cascade Court', '49182', 'Sundsvall', '6269285430', 'CTkk35u', 43),
	(1119, 'Alec Hakeworth', 'ahakeworth1k@spotify.com', '3519 Continental Junction', '83249', 'Taibao', '4351354210', 'QNaFGs1hn', 92),
	(1120, 'Leela Umbert', 'lumbert1l@slideshare.net', '88 Calypso Point', '43872', 'Taocheng', '6169280352', 'DBIiUFOwWTY', 247),
	(1121, 'Paule Delicate', 'pdelicate1m@yellowbook.com', '9 High Crossing Drive', '56059', 'Turenki', '3407752379', '4cHAEaRns', 206),
	(1122, 'Gael Dast', 'gdast1n@chronoengine.com', '142 Bay Trail', '23352', 'Mojimán', '3404712639', 'LrGGiN0dGZlP', 147),
	(1123, 'Pietro Sheeran', 'psheeran1o@zimbio.com', '3132 Jenifer Circle', '13657', 'Moutfort', '4148054894', 'g2QQQsz', 173),
	(1124, 'Ivan Lewis', 'ilewis1p@cargocollective.com', '96 Steensland Hill', '50970', 'San Agustin', '8351829636', 'GmEaGA', 207),
	(1125, 'Ronny Hek', 'rhek1q@posterous.com', '8460 Hanover Center', '95117', 'Varazqān', '6719956023', 'DlXyGmu9jhby', 39),
	(1126, 'Rafe Sulman', 'rsulman1r@privacy.gov.au', '628 Badeau Circle', '11141', 'Torres Novas', '3628952323', 'NV6wWmLXG71R', 221),
	(1127, 'Laraine Munks', 'lmunks1s@bizjournals.com', '0699 Golden Leaf Point', '29854', 'Baruta', '9456401561', 'GAMq6gU', 75),
	(1128, 'Marilee Malsher', 'mmalsher1t@uiuc.edu', '0 Leroy Street', '46660', 'Bi’r Ḩāt', '1083792651', 'oeHAsr5a0M06', 236),
	(1129, 'Pammie Timpany', 'ptimpany1u@java.com', '6 Little Fleur Place', '22027', 'Di Linh', '3734762860', '7Lgbf0I', 77),
	(1130, 'Wilek Frend', 'wfrend1v@spotify.com', '20996 John Wall Drive', '62795', 'Kālia', '3884007530', 'gKLrK6Nr4q', 112),
	(1131, 'Sly McClinton', 'smcclinton1w@parallels.com', '4 Evergreen Park', '45549', 'Huagai', '6424893425', '6H7f8pufl', 16),
	(1132, 'Nona Kensit', 'nkensit1x@utexas.edu', '771 Washington Way', '22111', 'Paulínia', '1928310481', 'wixXVp', 68),
	(1133, 'Gare Brahan', 'gbrahan1y@loc.gov', '045 Fremont Alley', '88175', 'Boljevac', '1189468297', 'YLB5IuV', 60),
	(1134, 'Ancell Westmancoat', 'awestmancoat1z@studiopress.com', '0320 Mockingbird Trail', '22628', 'Mingyuedian', '3293636800', 'S8qwSh7up', 123),
	(1135, 'Dyan Cathersides', 'dcathersides20@mtv.com', '39 Blaine Road', '33930', 'Agbannawag', '3693759875', 'QleNEK', 73),
	(1136, 'Dominique Montilla', 'dmontilla21@smh.com.au', '93929 Meadow Valley Point', '76201', 'Louisville', '5025792119', 'PCJrp4Xle', 175),
	(1137, 'Amos Pasfield', 'apasfield22@tamu.edu', '1614 Brown Circle', '97470', 'Samobor', '8854995805', 'dhQeQZU', 250),
	(1138, 'Liam Shimman', 'lshimman23@japanpost.jp', '230 Sunnyside Circle', '52646', 'Chengguan', '8014192652', 'bqQppu', 78),
	(1139, 'Cati McGeffen', 'cmcgeffen24@oracle.com', '634 Burrows Street', '45632', 'Buga', '7714599023', 'WREHYdgP5h8J', 239),
	(1140, 'Clementina Skarr', 'cskarr25@wix.com', '163 Victoria Avenue', '30742', 'Cortinhas', '4258293831', 'PkN65mn8', 253),
	(1141, 'Ashli Geldeard', 'ageldeard26@tamu.edu', '66 Elgar Lane', '29172', 'Sumberdadi', '6229831958', 'EYrKb2tv', 167),
	(1142, 'Helli Pirdue', 'hpirdue27@webmd.com', '53 Melby Alley', '24330', 'Gostyń', '6931334855', '6JIB8SHy', 84),
	(1143, 'Glynda McGarvie', 'gmcgarvie28@flavors.me', '825 Morningstar Avenue', '26247', 'Yangdang', '6785529557', 'fvwKqJYVa2Va', 25),
	(1144, 'Margarita Briscam', 'mbriscam29@surveymonkey.com', '29964 Ridge Oak Road', '66141', 'Telengsari', '1654975265', '4E0X15RKYvnn', 92),
	(1145, 'Anton Darling', 'adarling2a@rambler.ru', '167 Hoepker Hill', '86391', 'Le Mans', '9605383263', 'ePlxcp', 27),
	(1146, 'Mychal Tappor', 'mtappor2b@baidu.com', '326 Sachtjen Crossing', '98848', 'Shabo', '4071184819', '48pFExtoJ', 219),
	(1147, 'Felicio Allans', 'fallans2c@meetup.com', '19 6th Point', '42855', 'Tsubata', '3815087991', 'V8t5StQ6', 73),
	(1148, 'Fay Hedley', 'fhedley2d@alibaba.com', '1833 Lakeland Park', '60849', 'Krasnovishersk', '8738597024', 'ktEh7oown', 21),
	(1149, 'Mar Norsister', 'mnorsister2e@g.co', '3953 Cambridge Street', '33063', 'Tangping', '1093516774', 'jj2nUx3', 161),
	(1150, 'Rufus Joyson', 'rjoyson2f@jugem.jp', '38222 Mosinee Crossing', '41892', 'Kizlyar', '5757283367', '84wMDeYqwj', 143),
	(1151, 'Jerrome Griffithe', 'jgriffithe2g@marketwatch.com', '18 Gerald Street', '75601', 'Yelets', '2574249560', '5cyI71F705', 158),
	(1152, 'Jania Lanphier', 'jlanphier2h@devhub.com', '073 Macpherson Crossing', '98788', 'Oroin Xibe', '7574826695', '41mDOOO', 122),
	(1153, 'Jacenta Huddart', 'jhuddart2i@springer.com', '4686 Linden Center', '80851', 'Chancay', '3665210765', '3SyUcH0upOg', 212),
	(1154, 'Krissie Pierro', 'kpierro2j@stumbleupon.com', '92540 Schlimgen Pass', '73779', 'Ili', '6157023443', 'njTYRa8QmA', 109),
	(1155, 'Nappy Paulin', 'npaulin2k@bloglines.com', '257 Forest Run Hill', '14574', 'Myadzyel', '4186190141', 'EKuGU01', 192),
	(1156, 'Loralie Gregorowicz', 'lgregorowicz2l@histats.com', '186 Onsgard Crossing', '70511', 'Zaragoza', '4857590782', 'i4EbHLNfo', 225),
	(1157, 'Lydon Tripney', 'ltripney2m@pagesperso-orange.fr', '711 Tomscot Junction', '95609', 'Söderhamn', '2065828626', 'Vhu0l6Ckr', 125),
	(1158, 'Mendie Staines', 'mstaines2n@ehow.com', '8 Anderson Drive', '42374', 'Mardīān', '6941196517', 'sXZPpa1u', 253),
	(1159, 'Harley Flaunier', 'hflaunier2o@mashable.com', '100 Sycamore Way', '58648', 'Changyuan', '9221471866', 'UHieblG2v', 95),
	(1160, 'Zeke Carratt', 'zcarratt2p@themeforest.net', '2 Lakeland Lane', '29931', 'Zhongbao', '2801042321', 'pEN4qRb17', 186),
	(1161, 'Felicdad Dufaire', 'fdufaire2q@businessinsider.com', '59010 Grayhawk Trail', '87636', 'Hongtang', '8793730110', 'i4rHLCfsLGJS', 61),
	(1162, 'Isidore Freckleton', 'ifreckleton2r@noaa.gov', '0 Sherman Point', '69966', 'Belogorsk', '8149080967', 'RdosKoilP1', 242),
	(1163, 'Silvio Kegley', 'skegley2s@g.co', '57318 Doe Crossing Road', '35145', 'Beauharnois', '6181209917', 'z4DIep', 157),
	(1164, 'Dorothy Fibben', 'dfibben2t@wix.com', '6729 Swallow Street', '39995', 'Jinniu', '4259195804', 'Wjw1knx', 94),
	(1165, 'Alfie Comusso', 'acomusso2u@wisc.edu', '64813 Kinsman Circle', '24450', 'Demerval Lobão', '5974724027', 'DxgsPqk', 168),
	(1166, 'Baxy Mackinder', 'bmackinder2v@thetimes.co.uk', '5 Monterey Avenue', '58746', 'Sofiyivka', '5027367235', '0Fer1SbaD98Z', 101),
	(1167, 'Baxie Nutting', 'bnutting2w@phpbb.com', '48447 Corry Drive', '83606', 'Quillabamba', '6391276703', 'FHUygy0E', 205),
	(1168, 'Mace Hounihan', 'mhounihan2x@tripadvisor.com', '61546 Sugar Center', '99291', 'Maardu', '1652581980', 'WbXKuynQtG', 58),
	(1169, 'Garvy Wareing', 'gwareing2y@icq.com', '2 Waubesa Street', '77091', 'Qingshanhu', '7224250257', 'qDnJSQlaTdAL', 136),
	(1170, 'Cayla Klosterman', 'cklosterman2z@cdc.gov', '438 Boyd Point', '15559', 'Las Lomas', '2259593681', 'hSU6nwK', 244),
	(1171, 'Derron Oldale', 'doldale30@lycos.com', '9154 Hooker Lane', '39602', 'Bílovec', '5635057611', 'S1PCaQ9R', 162),
	(1172, 'Theodor Dechelette', 'tdechelette31@qq.com', '0404 Buhler Place', '91350', 'Syriam', '2764741869', 'UEc7dFnaf6Qz', 55),
	(1173, 'Carmencita Jeffery', 'cjeffery32@cam.ac.uk', '27 Mayer Hill', '21508', 'Nanhu', '9474793739', '46rSg9dZbp', 111),
	(1174, 'Minor Wathell', 'mwathell33@odnoklassniki.ru', '6913 Anthes Park', '95702', 'At-Bashi', '1899238243', 'Me7KaJl', 134),
	(1175, 'Tana Vawton', 'tvawton34@digg.com', '2 Hagan Point', '48996', 'Ialoveni', '2443047273', 'qtJSVIk', 168),
	(1176, 'Phil Griffiths', 'pgriffiths35@ca.gov', '95135 Evergreen Avenue', '49324', 'Tortosa', '7391294906', '8qlfzmG', 71),
	(1177, 'Bernetta Pury', 'bpury36@accuweather.com', '3 Comanche Drive', '84876', 'Meizhou', '8628212648', '9tTUDjk0u', 133),
	(1178, 'Ora Bamford', 'obamford37@umich.edu', '23 Hooker Pass', '50474', 'Zhuanqukou', '7602276373', 'P2VgVX8c', 180),
	(1179, 'Allison Crookshank', 'acrookshank38@goodreads.com', '2 Corben Crossing', '45096', 'Chervonopartyzans’k', '9292466479', 'eRSx8h', 215),
	(1180, 'Verge Alenov', 'valenov39@apache.org', '48 Butternut Junction', '37306', 'Nanjiao', '4203566457', 'wVuBj3FbaVOv', 137),
	(1181, 'Joelly Mattacks', 'jmattacks3a@nbcnews.com', '4 Merrick Plaza', '42812', 'Bureya', '6331414413', 'kypNdKTBJbU', 105),
	(1182, 'Dulcine Gudd', 'dgudd3b@timesonline.co.uk', '55 Hayes Pass', '14855', 'Seynod', '7109350632', '7eqLyVWnI', 128),
	(1183, 'Rudolf Mountcastle', 'rmountcastle3c@cloudflare.com', '8226 Muir Parkway', '40950', 'Yartsevo', '3798537443', 'WEYG0gopRSpw', 232),
	(1184, 'Elwira Aveline', 'eaveline3d@noaa.gov', '5782 Packers Plaza', '85205', 'Abades', '5601642591', '8Qr5BUd7b', 75),
	(1185, 'Lura Dunridge', 'ldunridge3e@infoseek.co.jp', '440 Prentice Lane', '40195', 'Bogra', '7211997530', 'UBJzAYyk', 131),
	(1186, 'Marna Legrave', 'mlegrave3f@java.com', '16331 Shoshone Road', '81118', 'Kalinovskoye', '7762675633', 'MtM2Tn5M7m', 136),
	(1187, 'Hally Farris', 'hfarris3g@goo.ne.jp', '87 Randy Crossing', '97009', 'Taozhuang', '1434317905', 'pHIZ2JOQig9u', 247),
	(1188, 'Aurelia Fifoot', 'afifoot3h@drupal.org', '5912 Erie Road', '18812', 'Pa Tio', '1341337340', 'jNu7PRm2', 261),
	(1189, 'Lauree Dullingham', 'ldullingham3i@networkadvertising.org', '8 Homewood Hill', '36831', 'Pineleng', '8581514479', 'sARGQQpu0ZTr', 29),
	(1190, 'Noella Philpot', 'nphilpot3j@example.com', '30 Muir Plaza', '75056', 'Chengji', '3144727874', 'hH0Bn2c6', 22),
	(1191, 'Stanleigh Garrattley', 'sgarrattley3k@webs.com', '1 Vernon Junction', '13439', 'Narva', '5306358830', 'PSI83I7Dj', 173),
	(1192, 'Maison Sherrocks', 'msherrocks3l@umn.edu', '4 Lawn Point', '79092', 'São Sebastião', '6491362454', 'CSxkIX', 142),
	(1193, 'Chelsy Grunnill', 'cgrunnill3m@amazon.co.uk', '33 Pawling Hill', '46896', 'Gabi', '1681109788', 'KX1Dih8XYPAI', 126),
	(1194, 'Grete Tabard', 'gtabard3n@theglobeandmail.com', '0961 Farmco Hill', '25085', 'Libas', '9346462066', 'FsVVtU6D1h', 113),
	(1195, 'Say Trime', 'strime3o@netlog.com', '6 Montana Place', '51623', 'Ferrol', '5536936782', 'hPX3Ce', 86),
	(1196, 'Belia Bromhead', 'bbromhead3p@shop-pro.jp', '320 Cody Crossing', '91715', 'Shuozhou', '1348019381', 'EwKxrGzAOEJu', 233),
	(1197, 'Tommie Biggam', 'tbiggam3q@cloudflare.com', '4672 Lakeland Alley', '83773', 'Aguilares', '5296689828', 'S4stYYUbjT0', 124),
	(1198, 'Lukas Screwton', 'lscrewton3r@diigo.com', '5021 Commercial Trail', '46144', 'Cubará', '7572439919', '3KzJW6eW3Hf', 57),
	(1199, 'Olivier Streatley', 'ostreatley3s@gnu.org', '5 Coolidge Plaza', '24539', 'Mondlo', '2757173518', 'loXPotdg', 153),
	(1200, 'Ralina Westwood', 'rwestwood3t@goo.ne.jp', '956 Manitowish Drive', '92668', 'Xilin Hot', '3447868767', 'zBwszooq7Cc7', 213),
	(1201, 'Sibley Oakeby', 'soakeby3u@t-online.de', '65364 Eastwood Drive', '84068', 'Biguo', '9332453334', 'DAalZ8uHZ', 118),
	(1202, 'Elora Seif', 'eseif3v@home.pl', '15830 Commercial Trail', '18450', 'Sandia', '8125460002', 'uxcToEfiPUyC', 116),
	(1203, 'Felice Nyssens', 'fnyssens3w@webmd.com', '08728 Scoville Hill', '34269', 'Mulyo', '4691694311', 'UdjFkpNcD', 122),
	(1204, 'Xenos Varsey', 'xvarsey3x@economist.com', '0449 Sachtjen Trail', '85930', 'Quận Phú Nhuận', '8162594424', 'ulgEqWd6g', 29),
	(1205, 'Karole Roskruge', 'kroskruge3y@liveinternet.ru', '5107 Heath Park', '69399', 'Mijiang', '2546679197', 'ieJh2Bil', 188),
	(1206, 'Alessandro Tournie', 'atournie3z@nhs.uk', '0 Portage Street', '87740', 'Yonezawa', '5044258539', '7Z8zoiBy', 224),
	(1207, 'Yettie Joint', 'yjoint40@wikia.com', '605 Mayer Center', '97480', 'Aráchova', '5352416746', 'sx9XQic', 159),
	(1208, 'Mahmoud Barks', 'mbarks41@google.com.br', '6 Mallard Center', '97426', 'San Isidro', '7662822221', '7MNeTFFMWB', 101),
	(1209, 'Ford Ramshay', 'framshay42@nyu.edu', '32969 Reinke Way', '38632', 'Paris 08', '8379527811', '0T0kV6jfMCW', 40),
	(1210, 'Barnebas Stading', 'bstading43@google.es', '86 Merry Road', '48223', 'Cabay', '3361678348', 'GsiNx8q8o3o', 53),
	(1211, 'Dorothy Risdall', 'drisdall44@constantcontact.com', '1908 Pine View Street', '67443', 'Vila Franca de Xira', '1535632505', 'hP7xcxxmCj', 109),
	(1212, 'Marcile Dowden', 'mdowden45@gmpg.org', '85948 Algoma Court', '90176', 'San Jose', '9217898983', 'E5xHrl7V', 179),
	(1213, 'Jessee Follen', 'jfollen46@angelfire.com', '470 Logan Alley', '14693', 'Komarno', '8123320159', 'Vpy2c5qipO', 40),
	(1214, 'Sukey Rosenboim', 'srosenboim47@skyrock.com', '5 Lien Lane', '31509', 'Tufang', '4283167725', 'IAJ6ih1', 30),
	(1215, 'Graig Quarles', 'gquarles48@reference.com', '9 Memorial Point', '26717', 'Smyshlyayevka', '1021882757', '8bWu2Fu', 145),
	(1216, 'Mallory Strephan', 'mstrephan49@dedecms.com', '732 West Center', '47864', 'Causip', '4861620843', '2uC6U3VW', 163),
	(1217, 'Zonda Hoodless', 'zhoodless4a@boston.com', '6051 Morning Pass', '33372', 'Chodová Planá', '8115866249', 'RLZtrD', 55),
	(1218, 'Rowney Haking', 'rhaking4b@tinypic.com', '2 Cordelia Court', '66252', 'Wąwolnica', '8018255498', 'd5YKB7u63ay', 32),
	(1219, 'Kalina Abramovic', 'kabramovic4c@hubpages.com', '44395 Crowley Terrace', '80894', 'Shashi', '2514050736', 'ya93oPaSjF', 168),
	(1220, 'Kevina Van der Beken', 'kvan4d@zdnet.com', '58 Katie Court', '64948', 'Az̧ Z̧alī‘ah', '8286162572', 'aexe5ByY', 156),
	(1221, 'Yorker Charke', 'ycharke4e@youtube.com', '9 Summer Ridge Park', '84942', 'Lebak', '8071415753', '9GJA4MI', 254),
	(1222, 'Bentley Mannock', 'bmannock4f@google.pl', '1 Erie Trail', '22397', 'Chengnan', '7607927636', 'mdICA3LBb', 113),
	(1223, 'Frances Patershall', 'fpatershall4g@diigo.com', '7 Atwood Avenue', '99651', 'Banjar Ponggang', '5184043632', 'D1s2xKtBgD', 133),
	(1224, 'Alie Dain', 'adain4h@cbc.ca', '33 Marquette Crossing', '62158', 'Ban Ratsada', '7937706771', 'ze7xi1', 169),
	(1225, 'Rube Pingstone', 'rpingstone4i@bandcamp.com', '4173 Del Sol Terrace', '36782', 'Musan-ŭp', '2964556301', 'Z8s3TPEE9', 226),
	(1226, 'Lauraine Marriner', 'lmarriner4j@pbs.org', '09 Warner Trail', '72289', 'Huangbu', '7231193076', 'DB6ahN', 165),
	(1227, 'Tate Dreakin', 'tdreakin4k@booking.com', '037 Randy Drive', '68657', 'Mwembe', '1548684384', 'TOzFP2TG', 109),
	(1228, 'Georgianne Thoumasson', 'gthoumasson4l@merriam-webster.com', '76059 Vera Avenue', '38896', 'Zhongtang', '7025315822', 'FfvQXducXWvw', 257),
	(1229, 'Misha Tonkin', 'mtonkin4m@github.com', '9327 Erie Street', '46306', 'Józefów', '8395167656', 'QkBZoZkHZei4', 31),
	(1230, 'Kanya Summerfield', 'ksummerfield4n@alexa.com', '28 Hintze Plaza', '91004', 'Xuji', '2417991916', 'zOWW5dShw', 206),
	(1231, 'Francisca Shadbolt', 'fshadbolt4o@reverbnation.com', '38291 Maple Wood Alley', '75147', 'Laozhuang', '5639231043', 'dBiO6fK2', 250),
	(1232, 'Claudette Drabble', 'cdrabble4p@weebly.com', '17872 Comanche Way', '16814', 'San Rafael', '4394233308', 'qtlmZUJRH3', 100),
	(1233, 'Garry Naldrett', 'gnaldrett4q@comsenz.com', '25 Acker Pass', '65180', 'Jarada', '6106468274', 'F0UbjI', 70),
	(1234, 'Devinne Sweeny', 'dsweeny4r@cam.ac.uk', '3463 Huxley Hill', '55644', 'Klenčí pod Čerchovem', '3741043337', 'Z0xJGRv', 244),
	(1235, 'Agnese Horrell', 'ahorrell4s@bbb.org', '69503 Memorial Drive', '76944', 'Zimovniki', '4399588205', 'SDbnnYhbrCS', 40),
	(1236, 'Kelsi Davitti', 'kdavitti4t@ocn.ne.jp', '1 Monterey Pass', '79013', 'Bến Tre', '8837865303', 'CYvxeGpAPEh4', 236),
	(1237, 'Essy Orhrt', 'eorhrt4u@wunderground.com', '49 Talmadge Circle', '54463', 'Hisya', '7079326634', 'RkL6dgk', 171),
	(1238, 'Abraham Peschke', 'apeschke4v@nbcnews.com', '2 Welch Circle', '28277', 'Senangkhanikhom', '6601299325', '0g7rP03d', 241),
	(1239, 'Dorthea Ebenezer', 'debenezer4w@netscape.com', '173 Melrose Junction', '87460', 'Murindó', '6294168770', 'uftKyNY', 182),
	(1240, 'Artus Doerffer', 'adoerffer4x@pen.io', '6 Caliangt Trail', '26711', 'Skerries', '7789836974', 'yxw2emfpn', 237),
	(1241, 'Alphard Roebuck', 'aroebuck4y@sfgate.com', '2518 Main Road', '83822', 'Beidu', '5828601133', 'CX3yKcLVvn1i', 93),
	(1242, 'Judon Pentland', 'jpentland4z@addthis.com', '2 Oak Valley Street', '21974', 'Tervel', '3119757691', 'fMcl6l0', 149),
	(1243, 'Fiann Fist', 'ffist50@exblog.jp', '71 Shelley Place', '35798', 'Dos Quebradas', '5782866539', 'uorO6eua', 31),
	(1244, 'Darby Roles', 'droles51@ox.ac.uk', '784 Donald Trail', '32177', 'Saint-Félicien', '8237248892', 'wHphTb', 17),
	(1245, 'Leigha McIlharga', 'lmcilharga52@freewebs.com', '96847 Dixon Circle', '56920', 'Maicao', '7196719809', 'FTfWTMIB', 134),
	(1246, 'Sol Devers', 'sdevers53@shinystat.com', '08 Oak Valley Drive', '70043', 'Lanús', '3213431343', 'A5BtXgf', 17),
	(1247, 'Courtney Howard - Gater', 'choward54@google.it', '45924 Clemons Park', '76504', 'Floriana', '5368009686', 'ha55RL', 230),
	(1248, 'Simone Medwell', 'smedwell55@unblog.fr', '4 Shasta Alley', '21701', 'Sundbyberg', '2477004204', 'pmnh14N3Q', 34),
	(1249, 'Wilfrid Chesshyre', 'wchesshyre56@usda.gov', '106 Warner Circle', '72966', 'Taipei', '7375005613', '0yM2Cq', 47),
	(1250, 'Corliss Linder', 'clinder57@google.pl', '16614 High Crossing Drive', '93982', 'Taverny', '8519029108', 'LGQsrEza9sJH', 140),
	(1251, 'Donni Catanheira', 'dcatanheira58@uiuc.edu', '5632 Fieldstone Pass', '25706', 'Lisakovsk', '1608227252', 'labcVMeaFu', 125),
	(1252, 'Budd Chaman', 'bchaman59@epa.gov', '45 Hintze Point', '56788', 'Akzhal', '5906411518', 'kxUcLfi', 44),
	(1253, 'Eamon Luety', 'eluety5a@cnet.com', '81 Duke Alley', '81072', 'Apengjiang', '5697377560', 'PNsSSkQ', 86),
	(1254, 'Lotta Lago', 'llago5b@ehow.com', '17 Steensland Way', '39412', 'Kuantan', '7748027853', '7bPTEq4I', 131),
	(1255, 'Tan Mixter', 'tmixter5c@go.com', '9522 Nelson Street', '45204', 'Rijau', '9213600419', 'edSM1Z0FN9', 134),
	(1256, 'Hodge Obal', 'hobal5d@mit.edu', '975 Corry Alley', '99837', 'Moita da Roda', '7626016730', 'PQmMVB', 154),
	(1257, 'Jo-anne McIlwaine', 'jmcilwaine5e@tiny.cc', '90 Park Meadow Alley', '67180', 'Marseille', '1843848641', 'GKku2QMKzE3b', 118),
	(1258, 'Anders Durbann', 'adurbann5f@earthlink.net', '49 Garrison Junction', '56167', 'Labuhanlalar', '4045684337', 'OoMyZZMq', 22),
	(1259, 'Filmer Akam', 'fakam5g@weibo.com', '76809 Mcbride Drive', '96432', 'Chacabuco', '8041714917', 'JZwrEmefslD', 239),
	(1260, 'Bendicty Esposita', 'besposita5h@forbes.com', '67484 Macpherson Trail', '71403', 'Fenyan', '6536095156', 'zJGbiAVDlbdz', 52),
	(1261, 'Michele Chong', 'mchong5i@goo.ne.jp', '4 Cody Junction', '19853', 'Buliwao', '7915878593', 'JTEp1UELk', 55),
	(1262, 'Wakefield De Benedetti', 'wde5j@toplist.cz', '037 Bowman Drive', '61139', 'Edosaki', '4436824215', 'NXNrT09sGaGF', 210),
	(1263, 'Brittany Holston', 'bholston5k@sohu.com', '722 Coleman Drive', '58618', 'Åkersberga', '2958565650', 'Df8uuXP2', 17),
	(1264, 'Lambert Fareweather', 'lfareweather5l@intel.com', '21 Fair Oaks Junction', '78142', 'Xiangyun', '6815472978', 'zXEU0i', 175),
	(1265, 'Lanie Seine', 'lseine5m@cyberchimps.com', '253 Shelley Street', '32483', 'Al Jarādīyah', '5024842699', '4brzCfwL', 157),
	(1266, 'Trueman Boylin', 'tboylin5n@tiny.cc', '50469 Petterle Junction', '68261', 'Portland', '9716055928', 'G5zmhp', 131),
	(1267, 'Eugen Lappine', 'elappine5o@craigslist.org', '53 Grover Circle', '20653', 'Farranacoush', '5362911618', '4Q1pBT6Pnld', 24),
	(1268, 'Robby Skotcher', 'rskotcher5p@mlb.com', '0 Melby Point', '39753', 'Shahr-e Bābak', '4525497662', 'DM6ELXq8SC', 163),
	(1269, 'Alyse Suthren', 'asuthren5q@elpais.com', '758 Ridgeway Way', '34534', 'Miaoquan', '9726483241', 'U8OfG4U4', 242),
	(1270, 'Desmund Sturdgess', 'dsturdgess5r@java.com', '88976 Elgar Junction', '56536', 'Dongjin', '4428965235', 'dZTHLNIt8', 132),
	(1271, 'Clo Pudding', 'cpudding5s@yale.edu', '868 Meadow Valley Circle', '42425', 'Vänersborg', '7993946541', 'wC2deteA3H', 154),
	(1272, 'Monique Hordell', 'mhordell5t@mtv.com', '49 Springview Drive', '43645', 'Casilda', '9579191703', 'D9Aalk', 184),
	(1273, 'Blinny McAne', 'bmcane5u@webs.com', '75596 Hoffman Terrace', '45868', 'Báguanos', '5088876311', 'KR1CY0', 219),
	(1274, 'Fenelia Penhallurick', 'fpenhallurick5v@gmpg.org', '4 Cody Point', '56783', 'Philadelphia', '6105818687', 'vwsaoiZ', 58),
	(1275, 'Marcello Gluyas', 'mgluyas5w@shinystat.com', '2 Delaware Street', '52137', 'Tsaghkadzor', '3364366052', 'fy9NLjVuQf', 200),
	(1276, 'Mercie Phython', 'mphython5x@usatoday.com', '09 Springview Junction', '82902', 'Xiangfu', '1239848722', 'R63dQfjgQJkV', 260),
	(1277, 'Joelly Perse', 'jperse5y@examiner.com', '8 Kedzie Trail', '41726', 'Suhe', '4154986960', 't0zuBnUbx3A7', 41),
	(1278, 'Larisa Pawelek', 'lpawelek5z@umn.edu', '31 Dunning Trail', '66039', 'Falun', '9569621562', 'CtQiOQ6qb85C', 35),
	(1279, 'Jany Monier', 'jmonier60@vinaora.com', '5627 Sunbrook Avenue', '14832', 'Šardice', '9618553300', 'FwkKDxS', 235),
	(1280, 'Kelcie McGregor', 'kmcgregor61@wikispaces.com', '9 Buell Point', '23470', 'Kasugai', '9571336195', 'OjRtDqkuUh', 228),
	(1281, 'Consalve Bust', 'cbust62@cbc.ca', '21 Superior Hill', '85938', 'Portela', '2541040629', '0Oo7Nl', 202),
	(1282, 'Ole Cuff', 'ocuff63@furl.net', '8023 Green Park', '20295', 'Saurimo', '5814114310', 'mAqRIvX', 104),
	(1283, 'Margo Hembrow', 'mhembrow64@bloglines.com', '31 Garrison Center', '70422', 'Cikubang', '6681238107', 'StdhS31', 258),
	(1284, 'Mil Spink', 'mspink65@globo.com', '92 Cambridge Hill', '25393', 'Bystrzyca', '7914800747', 'Eu21HsN', 183),
	(1285, 'Cynde Torrijos', 'ctorrijos66@zdnet.com', '5883 Schlimgen Circle', '25192', 'Chino', '9509064285', 'KWCcAVNguYi', 107),
	(1286, 'Babbette Gouch', 'bgouch67@foxnews.com', '87440 Warrior Circle', '18684', 'Loanda', '9327209419', 'Mn0ybtEB', 199),
	(1287, 'Naoma Boness', 'nboness68@squarespace.com', '1 Longview Junction', '38107', 'Barwałd Średni', '8999832506', '6dthgDq', 179),
	(1288, 'Nicolais Pinkie', 'npinkie69@ftc.gov', '88 Fremont Pass', '70791', 'Umeå', '5194177675', 'EaFY2p', 19),
	(1289, 'Lanny Hunday', 'lhunday6a@uol.com.br', '988 Manley Street', '18078', 'Rangah', '7236250226', '5Z5YIHQm', 138),
	(1290, 'Marina McCaig', 'mmccaig6b@blogs.com', '62122 Blue Bill Park Road', '57323', 'Klek', '5663746012', 'Yx9BMkT5V', 47),
	(1291, 'Marya Mateja', 'mmateja6c@who.int', '41 Prairie Rose Plaza', '92860', 'Dejen', '9198114190', '6CVGUGlW', 196),
	(1292, 'Trace Walkowski', 'twalkowski6d@google.de', '91 Valley Edge Alley', '82307', 'Dazu', '6916673496', '3SlMKukIE', 192),
	(1293, 'Welch Koppen', 'wkoppen6e@deliciousdays.com', '6890 Rutledge Pass', '44688', 'Qabqir', '7218082305', 'cQ1GCK5leCh', 71),
	(1294, 'Rorie Fain', 'rfain6f@lulu.com', '4 Southridge Park', '63349', 'Curumaní', '3376729467', 'm5NNvXQO6Q', 126),
	(1295, 'Boris Gillyett', 'bgillyett6g@merriam-webster.com', '21337 Gulseth Parkway', '74929', 'Ganding', '9743757154', 'nin1cPXb', 141),
	(1296, 'Abbey Fallowes', 'afallowes6h@google.ca', '11813 Waxwing Hill', '14366', 'Iperó', '8227010066', 'hYN4sFD', 151),
	(1297, 'Clarabelle Rhucroft', 'crhucroft6i@vinaora.com', '685 Michigan Pass', '59247', 'Khafizan', '1614837390', 'L42Q2H', 196),
	(1298, 'Ewart Whisker', 'ewhisker6j@foxnews.com', '68 Arizona Avenue', '61152', 'Lhuentse', '3941482979', 'GT5gs6V28sHI', 237),
	(1299, 'Chariot Brahams', 'cbrahams6k@booking.com', '3 Monica Court', '41420', 'Binuangan', '7093140993', 'Paz485yvVvu', 66),
	(1300, 'Pablo Noad', 'pnoad6l@tinypic.com', '2839 Nova Avenue', '27155', 'Tombu', '9426423304', '5MPLnsFH3', 164),
	(1301, 'Lucretia Ing', 'ling6m@fda.gov', '30688 Monument Avenue', '26994', 'Bangkok', '1896608865', 'pkmORnONI', 53),
	(1302, 'Evanne Deekes', 'edeekes6n@newsvine.com', '96319 Everett Lane', '72890', 'Zhuanshui', '8398074938', 'Kvr0KP', 178),
	(1303, 'Patricio Rainford', 'prainford6o@mail.ru', '8 6th Road', '74313', 'Sevlievo', '3392473273', '71YAlS', 246),
	(1304, 'Elena Ondracek', 'eondracek6p@dropbox.com', '39 Loomis Avenue', '83653', 'Hanzhong', '6094940268', '3pbfCyK', 225),
	(1305, 'Ora Scryne', 'oscryne6q@studiopress.com', '411 Atwood Road', '55716', 'Strängnäs', '5882099066', 'ZLRmFjRj0b', 22),
	(1306, 'Worth Foulcher', 'wfoulcher6r@si.edu', '2918 Hazelcrest Pass', '64409', 'Saint-Gratien', '1437042687', 'bAp3ABhd', 95),
	(1307, 'Rosaleen Caunce', 'rcaunce6s@pcworld.com', '457 Golf Course Crossing', '56272', 'Dambulla', '6013225682', 'dvlQz8ZzV2x', 38),
	(1308, 'Natalina Stephenson', 'nstephenson6t@creativecommons.org', '6856 Vernon Drive', '98169', 'Domont', '8257504074', 'IK4tuYTOvD', 93),
	(1309, 'Cordell Crinidge', 'ccrinidge6u@bloomberg.com', '128 Gateway Court', '62004', 'Chantilly', '6509377229', 'eEJLX9owrp', 65),
	(1310, 'Benito Agnew', 'bagnew6v@sitemeter.com', '325 Talmadge Avenue', '27758', 'Lauro de Freitas', '7156001073', 'x1t5Nddo', 104),
	(1311, 'Edlin Dossantos', 'edossantos6w@intel.com', '1 West Lane', '38416', 'Cupira', '9526092917', 'MYdBisLM', 99),
	(1312, 'Laurie Huntall', 'lhuntall6x@fema.gov', '749 Roxbury Street', '32737', 'Amboasary', '8167315569', 'jdtLUjG', 206),
	(1313, 'Devonna Carloni', 'dcarloni6y@gnu.org', '57394 Pierstorff Avenue', '38701', 'Novyy Svit', '7252901675', 'TTwBFEw', 211),
	(1314, 'Lisette McCudden', 'lmccudden6z@cocolog-nifty.com', '9 Melvin Street', '93011', 'Duczki', '4288250314', 'PPsnOFQbX', 234),
	(1315, 'Shara Keates', 'skeates70@360.cn', '57 Lillian Park', '41067', 'Corbeil-Essonnes', '6033002916', 'cV4EhgkJJ', 241),
	(1316, 'Gwyneth Danneil', 'gdanneil71@google.fr', '5195 New Castle Center', '17353', 'Frösön', '8139732993', 'JrCBqB5T5V', 71),
	(1317, 'Othelia Wheelton', 'owheelton72@sbwire.com', '61 Dawn Circle', '43170', 'Telagaselaba', '2272153418', 'FEizrOEyKdNR', 118),
	(1318, 'Tiphani Addicote', 'taddicote73@51.la', '386 Pankratz Pass', '99627', 'Ulaanbaatar', '9528421585', 'pO2Zzg7', 163),
	(1319, 'Aretha Swalwell', 'aswalwell74@businesswire.com', '515 Rutledge Park', '18293', 'Rosario del Ingre', '7398194542', 'KAzPGfrC3', 181),
	(1320, 'Tull Guymer', 'tguymer75@nhs.uk', '1 Namekagon Point', '61009', 'Porsgrunn', '2647885853', 'LkDrK5KFzL', 198),
	(1321, 'Philbert Cruddas', 'pcruddas76@msu.edu', '96697 Reinke Park', '19532', 'Phù Mỹ', '8542794223', 'KuBSKzIHgHp', 176),
	(1322, 'Sherye Southey', 'ssouthey77@unesco.org', '2284 Mandrake Parkway', '51955', 'Qārah', '4357241069', '3ldVxkmK', 196),
	(1323, 'Mahmoud Bramham', 'mbramham78@geocities.com', '47 Nova Street', '26732', 'Bojongnangka', '8948235181', 'dQUcmAZ5oL', 221),
	(1324, 'Auberta Vickors', 'avickors79@ca.gov', '55310 8th Alley', '87971', 'Dankama', '3288849070', 'efj9ZbFD', 197),
	(1325, 'Sebastien Ludlam', 'sludlam7a@e-recht24.de', '39 Butternut Hill', '92229', 'Mulleriyawa', '2871863527', 'K3lHr12F5c5', 72),
	(1326, 'Nelly Labarre', 'nlabarre7b@redcross.org', '2221 Valley Edge Junction', '60935', 'Acton Vale', '3551412824', 'I8HsuE', 69),
	(1327, 'Innis Blare', 'iblare7c@prweb.com', '8 Florence Alley', '69038', 'Maszkienice', '9504571128', 'p3iolsY0KEuU', 157),
	(1328, 'Lorelle Faherty', 'lfaherty7d@wordpress.com', '4996 Amoth Plaza', '69834', 'Ośno Lubuskie', '2475150785', 'C7nRJWKJn65T', 30),
	(1329, 'Kerrin Indge', 'kindge7e@apache.org', '37 Del Mar Circle', '87223', 'Kadupayung', '1487611467', 'jQm00Bb', 246),
	(1330, 'Lyn Defond', 'ldefond7f@dmoz.org', '9 Lyons Street', '61581', 'Shah Alam', '8916307471', 'p3YvrdFM2rx', 77),
	(1331, 'Abbe Bisson', 'abisson7g@accuweather.com', '468 Hooker Way', '71198', 'Thorold', '9529460703', 'GXcWWS', 111),
	(1332, 'Stavro O\'Heaney', 'soheaney7h@intel.com', '45080 Melvin Terrace', '90240', 'Tsarychanka', '3204512842', 'gBJPIeje', 96),
	(1333, 'Alisun Drakers', 'adrakers7i@senate.gov', '645 Larry Way', '11234', 'Viļaka', '6273494676', 'Ct1j7WC', 120),
	(1334, 'Shelley Sparks', 'ssparks7j@google.es', '59705 Schmedeman Center', '86759', 'Cibeureum', '9627726771', 'x1s20nhURVGU', 47),
	(1335, 'Ermengarde Baudasso', 'ebaudasso7k@va.gov', '4743 Jana Pass', '78944', 'Dagohoy', '8135016196', 'bBRMBfE', 130),
	(1336, 'Kippie Archell', 'karchell7l@ucoz.ru', '0 Brown Avenue', '85273', 'Qamdo', '6305104873', 'CEzgsHEla', 26),
	(1337, 'Kenny Dibner', 'kdibner7m@theatlantic.com', '3348 Prairieview Center', '34240', 'Uryupinsk', '5654824562', 'O2OY5vyMyh0', 158),
	(1338, 'Ermanno Christofe', 'echristofe7n@unc.edu', '9 Moland Point', '99117', 'Cabeçudos', '2369038385', 'MxrbX0P', 219),
	(1339, 'Nita Sleaford', 'nsleaford7o@chronoengine.com', '50050 Merrick Road', '96671', 'Hashimoto', '5791044026', 'DjMmZt04', 201),
	(1340, 'Kendal Crowcroft', 'kcrowcroft7p@arizona.edu', '700 Cherokee Point', '97109', 'Olszówka', '1811484105', 'YTOJWrGaD', 38),
	(1341, 'Alyosha McCane', 'amccane7q@scientificamerican.com', '22048 Michigan Trail', '48398', 'Marićka', '9972776742', 't1oG0KBYzUb', 18),
	(1342, 'Anna-maria Willmot', 'awillmot7r@cbslocal.com', '8 Bunker Hill Terrace', '58234', 'Daguo', '8675756577', 'AOwgSqtc', 122),
	(1343, 'Meir Bellord', 'mbellord7s@cisco.com', '7971 Southridge Junction', '16890', 'Cimara', '4181263586', 'FEZ0Z6zfww', 223),
	(1344, 'Catharine Ortsmann', 'cortsmann7t@facebook.com', '1 Transport Park', '89152', 'Ketapang', '6141791521', 'BV6tru', 21),
	(1345, 'Nani Agget', 'nagget7u@ocn.ne.jp', '75 Leroy Alley', '37110', 'Kagoshima-shi', '5506257548', 'qjcqrfGsbmA', 181),
	(1346, 'Donni Slowey', 'dslowey7v@elpais.com', '36 Loeprich Street', '24816', 'São Domingos de Rana', '5659462550', 'TnbXJk', 255),
	(1347, 'Lovell Scala', 'lscala7w@vk.com', '62839 Warrior Junction', '72497', 'Heydərabad', '6821620034', 'fVAlMtG1O', 122),
	(1348, 'Marybelle Ginner', 'mginner7x@cbc.ca', '99260 Coolidge Parkway', '40428', 'Strasbourg', '7013931373', 'jz7uCvMGuge', 230),
	(1349, 'Will MacDonogh', 'wmacdonogh7y@purevolume.com', '83 Eggendart Drive', '18749', 'Rowokangkung', '1481591254', 'ZjFZyms', 219),
	(1350, 'Shelia Tunnacliffe', 'stunnacliffe7z@nifty.com', '69644 Crownhardt Plaza', '19913', 'Buçimas', '2316854896', '4KRPa5GJwPm4', 91),
	(1351, 'Maddalena Tureville', 'mtureville80@de.vu', '6 Randy Lane', '88138', 'Alubijid', '9027284406', 'gK4KHcN', 174),
	(1352, 'Lombard Terzo', 'lterzo81@sourceforge.net', '9545 Bluejay Terrace', '45305', 'Sv. Anton', '9807360096', '3aLSfZ', 109),
	(1353, 'Gregory Sautter', 'gsautter82@dagondesign.com', '0025 Claremont Trail', '34733', 'Katuli', '2701338050', 'HLuJK4', 42),
	(1354, 'Sharla Ney', 'sney83@timesonline.co.uk', '827 American Street', '88705', 'Yahe', '6999277231', '6uCPnBeQxJGB', 219),
	(1355, 'Josi Binney', 'jbinney84@vistaprint.com', '9 Moland Lane', '77554', 'Jackson', '6019897637', 'RoHQb2ZCwesx', 40),
	(1356, 'Danette Wanek', 'dwanek85@imageshack.us', '94 American Pass', '43168', 'Augusta', '7063635991', 'XE9nxDooOx2', 34),
	(1357, 'Clevey Hallihane', 'challihane86@blogger.com', '1 Forster Terrace', '35693', 'Santa Teresita', '7488480350', 'WiA8bor0oR', 19),
	(1358, 'Inger Slainey', 'islainey87@github.com', '1 Troy Avenue', '56455', 'Xuebu', '9379618264', '9gyaRT1NLXRf', 183),
	(1359, 'Simmonds Hobson', 'shobson88@buzzfeed.com', '62 Pankratz Hill', '12851', 'Thị Trấn Cẩm Thủy', '3062323192', 'ZZZNf5UK', 150),
	(1360, 'Laina Clother', 'lclother89@cisco.com', '0380 Sugar Point', '80906', 'Berezniki', '3096771963', 'MSCjqJ2SK', 218),
	(1361, 'Truman Pawelczyk', 'tpawelczyk8a@accuweather.com', '4837 Lien Pass', '25807', 'Gananoque', '6435049121', 'XkC1v4O9N9u', 173),
	(1362, 'Candida Stirley', 'cstirley8b@engadget.com', '6 Randy Junction', '89948', 'Manzë', '3144727258', 'YGOI4vaywax', 167),
	(1363, 'Jeri Kaser', 'jkaser8c@google.nl', '466 Rowland Trail', '75923', 'Niagara Falls', '8222783391', 'r2wN9a', 195),
	(1364, 'Vikky Proctor', 'vproctor8d@msu.edu', '9718 Mcguire Trail', '17181', 'Anuling', '1498004495', 'uVOVeIIxM2O', 114),
	(1365, 'Shirleen Bruyntjes', 'sbruyntjes8e@latimes.com', '15463 Buhler Alley', '94746', 'Horad Smalyavichy', '1995271594', 'VkTwbZ', 190),
	(1366, 'Marnie Buckston', 'mbuckston8f@jalbum.net', '190 Bay Avenue', '25636', 'Shkurinskaya', '2444145104', 'rRUqpU', 82),
	(1367, 'Orrin Boddymead', 'oboddymead8g@qq.com', '676 Crest Line Drive', '96006', 'Plaza de Caisán', '8223771826', 'uLt9wTO', 128),
	(1368, 'Henriette Gladbach', 'hgladbach8h@hibu.com', '57 Monterey Junction', '49848', 'Ringin Kembar', '6106227603', '7LPdn6', 170),
	(1369, 'Marie Graith', 'mgraith8i@archive.org', '22096 Badeau Junction', '18775', 'Dongguan', '1452555032', '0IsFXDQ2m', 114),
	(1370, 'Nathanael Mulloch', 'nmulloch8j@nsw.gov.au', '02767 Swallow Way', '36844', 'Staryye Atagi', '4607203239', 'NxuT9N', 73),
	(1371, 'Udale Mongin', 'umongin8k@t-online.de', '36421 Northridge Park', '87230', 'Nong Bua', '3907721271', '3bPJY7LhT', 139),
	(1372, 'Loria Rockcliffe', 'lrockcliffe8l@disqus.com', '65 Mosinee Park', '11185', 'Baiima', '9374893764', 'E7Ky8hHNDeht', 118),
	(1373, 'Margarete Cervantes', 'mcervantes8m@mlb.com', '92385 Killdeer Crossing', '86182', 'Mafang', '7821813439', 'zzSnfpnT4N', 117),
	(1374, 'Washington Molden', 'wmolden8n@yale.edu', '07 Heath Court', '58398', 'Machov', '9866547806', 'zGQuTt', 149),
	(1375, 'Frank Klain', 'fklain8o@biglobe.ne.jp', '5 Express Place', '97908', 'Lingqian', '9874201604', 'vB0Cellh0', 86),
	(1376, 'Elvira Jaggli', 'ejaggli8p@nature.com', '2990 Haas Park', '96300', 'Falënki', '1772859274', 'ZYE9KTPNcwK', 252),
	(1377, 'Brittani Pennells', 'bpennells8q@mapquest.com', '972 Bultman Point', '80462', 'Hohhot', '7985342500', 'ieh7FV7qAq', 117),
	(1378, 'Bogart Salsbury', 'bsalsbury8r@latimes.com', '7 Corry Junction', '35821', 'Tōkamachi', '8823635389', 'uw4dKh0Y7', 83),
	(1379, 'Andrea Soles', 'asoles8s@stumbleupon.com', '357 Fulton Street', '72319', 'Undurkhaan', '9482871075', 'k0I0JtVx4', 235),
	(1380, 'Thacher Bahls', 'tbahls8t@trellian.com', '58613 Mallory Circle', '92685', 'Kratié', '4883779129', 'Tw6m79QZWZKm', 113),
	(1381, 'Goldy Pesticcio', 'gpesticcio8u@taobao.com', '602 Cambridge Way', '46699', 'Mbuji-Mayi', '3488985612', 'YZhRd1xfflT', 148),
	(1382, 'Evangeline Fawdrie', 'efawdrie8v@paypal.com', '24335 La Follette Lane', '23723', 'Nusajaya', '9652781712', 'TnPPnWN5Aa', 154),
	(1383, 'Norri Stansell', 'nstansell8w@yelp.com', '5676 Glendale Plaza', '90976', 'Songgang-dong', '2544778699', 'iOSEpZAixOT', 241),
	(1384, 'Sara Curtois', 'scurtois8x@yale.edu', '62 Fremont Crossing', '37401', 'Sarkanjut', '1249802690', 'W6CDZ1B', 162),
	(1385, 'Penny Pietersma', 'ppietersma8y@google.com.br', '7 Talisman Road', '94522', 'Mala Danylivka', '6609347960', 'YqheZ0', 105),
	(1386, 'Sibley Wiltshear', 'swiltshear8z@yellowpages.com', '26887 Atwood Trail', '76479', 'Jingyao', '5907380666', 'p93tCA0nHn7', 198),
	(1387, 'Arnold Dockrell', 'adockrell90@artisteer.com', '96127 Lakewood Gardens Park', '81890', 'Kalabo', '9293631214', 'KDwfDp6nB', 104),
	(1388, 'Adrienne Medlen', 'amedlen91@gravatar.com', '245 Raven Parkway', '62024', 'Saint-Étienne', '3942077697', '9Ig0OzoneyA', 236),
	(1389, 'Alasteir Gleeson', 'agleeson92@people.com.cn', '123 Westerfield Crossing', '75169', 'Gaza', '6799951994', 'WiqusAdTmy5', 119),
	(1390, 'Rasia Stelli', 'rstelli93@walmart.com', '3282 Ridge Oak Lane', '64421', 'Union', '2057731636', 'RHgZNnCl8efh', 119),
	(1391, 'Pascal Cases', 'pcases94@google.fr', '86498 Anzinger Place', '70887', 'Novoye Devyatkino', '1968333542', 'vSlioJD', 203),
	(1392, 'Quinn Jarratt', 'qjarratt95@netvibes.com', '665 Canary Road', '33937', 'Da’an', '2803804277', 'K5cR53', 94),
	(1393, 'Ebeneser Neeve', 'eneeve96@jalbum.net', '9 Kropf Alley', '53140', 'Lainqu', '5436243077', 'OvEvED6i', 149),
	(1394, 'Lydon Ever', 'lever97@springer.com', '42 Commercial Hill', '96882', 'Riangderi', '3923159874', '2548hj', 185),
	(1395, 'Rochella Alfonsini', 'ralfonsini98@shutterfly.com', '100 Anniversary Plaza', '89825', 'Huaqiao', '8591498777', 'xe7G0zO', 122),
	(1396, 'Brucie Veneur', 'bveneur99@foxnews.com', '39084 North Terrace', '16273', 'El Paso', '9155793950', 'W2lMdkrSu', 23),
	(1397, 'Ody Brickhill', 'obrickhill9a@ed.gov', '45 Village Green Park', '34729', 'Digkilaan', '8193737635', 'YGErbZX5syw', 187),
	(1398, 'Ddene Hendren', 'dhendren9b@cornell.edu', '00119 Fordem Park', '43678', 'Ribeiro', '2236789346', 'dgze9f', 77),
	(1399, 'Carleton Gowler', 'cgowler9c@youtu.be', '139 Florence Trail', '38215', 'Kalodzishchy', '1424228595', 'wlpOUu1HWr6q', 243),
	(1400, 'Charlton Mozzetti', 'cmozzetti9d@macromedia.com', '6 Saint Paul Hill', '93065', 'Mashi', '5942715659', 'HHzE6RcP', 192),
	(1401, 'Ange Sipson', 'asipson9e@scribd.com', '74336 Darwin Parkway', '77659', 'Phù Cát', '1136811966', 'VUN3nMAz', 201),
	(1402, 'Selinda Duthy', 'sduthy9f@tamu.edu', '16360 Loeprich Court', '57573', 'Terny', '9511771227', 'ktOtGnoU06', 185),
	(1403, 'Sally Pourvoieur', 'spourvoieur9g@cornell.edu', '11 West Park', '17926', 'Altuf’yevskiy', '2934525670', 'VtyzZmwP7', 117),
	(1404, 'Poppy Giorgio', 'pgiorgio9h@washingtonpost.com', '341 Union Terrace', '80133', 'Perpignan', '1065116086', 'lzXlZmglm', 72),
	(1405, 'Addison Dowers', 'adowers9i@bloglines.com', '11641 Elka Street', '89674', 'Chochkan', '3219842699', '5rXLTkh4D', 81),
	(1406, 'Ada Farmery', 'afarmery9j@nytimes.com', '472 Westridge Place', '76928', 'Al Mashāf', '5699644281', 'XPH8x8eTlMS', 71),
	(1407, 'Filippa Lerwill', 'flerwill9k@uol.com.br', '089 Westport Street', '35816', 'Lisiy Nos', '3223066948', 'qdTEfN', 199),
	(1408, 'Ives Blacklidge', 'iblacklidge9l@nifty.com', '5 Eagan Road', '25076', 'Qingnianlu', '9529826403', 'EPZ146fsgu', 148),
	(1409, 'Chariot Hinckesman', 'chinckesman9m@ucsd.edu', '6215 Novick Point', '44098', 'Évodoula', '3228193056', 'aDPNQiv', 218),
	(1410, 'Woody Windebank', 'wwindebank9n@vkontakte.ru', '80095 Mcguire Street', '13863', 'Santa Clara', '3076978582', 'kTalQcN73dMr', 126),
	(1411, 'Eleanor Selburn', 'eselburn9o@exblog.jp', '33960 Ilene Lane', '76761', 'Kaset Wisai', '7649029099', '4iC1SJQOc', 243),
	(1412, 'Nickey Appleby', 'nappleby9p@economist.com', '88 Havey Place', '64385', 'Ughelli', '5505717619', 'DCYTKEP9o1', 25),
	(1413, 'Davide Hentze', 'dhentze9q@omniture.com', '6 Grover Way', '43104', 'Chīchāwatni', '2649761392', 'Uw39Op4KzUY', 217),
	(1414, 'Gertrudis Vlasyuk', 'gvlasyuk9r@ed.gov', '5717 Sommers Circle', '15384', 'Datarkadu', '3019992580', 'EVhDkmlFrD', 257),
	(1415, 'Dari Seagood', 'dseagood9s@chron.com', '6986 Melrose Hill', '92423', 'Tras Cerros', '1453250270', 'xOzoCmudcaE', 255),
	(1416, 'Corrine Corter', 'ccorter9t@hp.com', '717 Ridgeway Parkway', '58879', 'Kombolcha', '1479195432', '6dnguZBumPiE', 238),
	(1417, 'Thorsten Akers', 'takers9u@epa.gov', '31 Shasta Plaza', '90857', 'Maunuri', '7041485264', 'CFRtskw6vpp', 130),
	(1418, 'Kalvin Scales', 'kscales9v@nymag.com', '979 Northridge Trail', '43852', 'Kombandaru', '3959528953', 'szOU19U3pp', 139),
	(1419, 'Brittney Jocelyn', 'bjocelyn9w@addthis.com', '476 Union Plaza', '82862', 'Krychaw', '9134114374', 't1qhX67OyxpH', 22),
	(1420, 'Sarette Frost', 'sfrost9x@cnet.com', '7 Annamark Circle', '29331', 'Camplong', '5506619689', '0lNrCftCc', 176),
	(1421, 'Quinton De Vile', 'qde9y@prweb.com', '944 Mandrake Center', '50314', 'Dresi Wetan', '7596706316', 'L6A0iN3o9', 23),
	(1422, 'Ettore Ryle', 'eryle9z@pcworld.com', '25 Old Gate Plaza', '28491', 'North Bay', '3941751709', 'tswfCDcN5fG', 68),
	(1423, 'Cortney Curtin', 'ccurtina0@archive.org', '0393 Prentice Alley', '29870', 'Paris 16', '7339745629', 'LSlqsFuo', 234),
	(1424, 'Tanitansy Rheam', 'trheama1@elpais.com', '21 La Follette Point', '30448', 'Santana', '6943554065', 'BaSxY2HwX', 83),
	(1425, 'Ruggiero Mathers', 'rmathersa2@dailymail.co.uk', '4835 Moulton Point', '43326', 'Pho Duc', '5711431044', 'fkv6qRoVLhw2', 224),
	(1426, 'Austin Luparti', 'alupartia3@java.com', '58408 Fordem Junction', '90240', 'Duqu', '7585786084', '75zESulgoTw', 182),
	(1427, 'Starlene Baterip', 'sbateripa4@topsy.com', '89084 Dixon Hill', '18318', 'Kyustendil', '7503638594', 'ICemUGLalT', 200),
	(1428, 'Bobby Pipworth', 'bpipwortha5@hc360.com', '424 Marcy Circle', '25569', 'Irbit', '9086892825', 'q21lWgQJp', 31),
	(1429, 'Zondra Marcroft', 'zmarcrofta6@zimbio.com', '01210 Scott Lane', '48927', 'Miyoshi', '7883494633', '6qxUP2R', 68),
	(1430, 'Carlotta Parnham', 'cparnhama7@plala.or.jp', '3040 Kipling Crossing', '40392', 'Nikopol’', '1287751424', 'Z12Y52l8', 202),
	(1431, 'Dorie Auty', 'dautya8@ustream.tv', '38046 Fordem Avenue', '21887', 'Chodów', '3082335036', 'MZGytFK', 168),
	(1432, 'Kelci Hurkett', 'khurketta9@sfgate.com', '79931 7th Drive', '29839', 'Pedaringan', '9333495669', '1ysEmfM', 90),
	(1433, 'Noami Haddeston', 'nhaddestonaa@uiuc.edu', '55 Gateway Trail', '97956', 'Moss', '9978648429', 'ASnKEo7dCq', 23),
	(1434, 'Isa Amiable', 'iamiableab@bloglovin.com', '9158 Chive Point', '13532', 'Donghai', '2258235449', 'UxGv7ha', 20),
	(1435, 'Wally Tunstall', 'wtunstallac@disqus.com', '74221 Morningstar Point', '95747', 'Hutou', '2083361991', '6JFCalH', 149),
	(1436, 'Sydelle Whilde', 'swhildead@netvibes.com', '981 Acker Circle', '25190', 'Cao Thượng', '5244835497', 'LCxVMf1gpKW', 47),
	(1437, 'Britteny Turrill', 'bturrillae@biblegateway.com', '8818 Petterle Place', '58959', 'Wanliang', '6095011494', '3Un6IQIV', 142),
	(1438, 'Shanie Pinnegar', 'spinnegaraf@booking.com', '8 Mariners Cove Road', '56311', 'Villeneuve-sur-Lot', '1447123999', 'DgqUTig2', 32),
	(1439, 'Andrea Petken', 'apetkenag@weibo.com', '5725 East Circle', '74950', 'Ta’ Xbiex', '4512313756', 'RPy8sh', 245),
	(1440, 'Templeton McClinton', 'tmcclintonah@123-reg.co.uk', '60 Westend Center', '74106', 'Shuangmiaojie', '2936606042', 'tvCRHbQUk', 161),
	(1441, 'Loydie Halward', 'lhalwardai@lycos.com', '435 Jenifer Crossing', '69445', 'Wan’an', '1173805587', 'TQjaXYy73yW', 107),
	(1442, 'Baillie Dolphin', 'bdolphinaj@google.com.au', '30787 Ryan Road', '98027', 'Dobrzeń Wielki', '7112339814', 'NLImzR3', 256),
	(1443, 'Julie Chedzoy', 'jchedzoyak@ehow.com', '16 Victoria Place', '37924', 'Thị Trấn Quán Lào', '9074191206', 'TAVEIc', 17),
	(1444, 'Ciel Iwanowicz', 'ciwanowiczal@odnoklassniki.ru', '7754 Thackeray Park', '16462', 'Mosal’sk', '4096661555', 'Gp67YRg4b', 128),
	(1445, 'Constantine Dalligan', 'cdalliganam@hao123.com', '2 Dennis Parkway', '25519', 'Miringa', '1049452593', 'QfCWUTNYR5s', 171),
	(1446, 'Aylmer Philpots', 'aphilpotsan@japanpost.jp', '9508 Park Meadow Hill', '38968', 'Taipalsaari', '5306214921', '7Vmiy4', 121),
	(1447, 'Faydra Daburn', 'fdaburnao@disqus.com', '9092 Petterle Park', '63716', 'Rivesaltes', '9986059230', 'a3TGyTEf6G', 169),
	(1448, 'Lorne Rabbitts', 'lrabbittsap@imdb.com', '2854 Scott Avenue', '15674', 'Semambung', '4804762619', 'pHME7716TDfV', 75),
	(1449, 'Dorthea Ruff', 'druffaq@phoca.cz', '66709 Annamark Alley', '23756', 'Flor da Mata', '3375364722', 'Bl6L1YhX35v', 168),
	(1450, 'Eunice Gurden', 'egurdenar@guardian.co.uk', '3 Tennessee Lane', '65415', 'Mekarsari', '8179174437', 'JsnxSahRl', 70),
	(1451, 'Baily Dunbobbin', 'bdunbobbinas@trellian.com', '38002 Sloan Drive', '30020', 'Anmore', '3799863888', 'pDxRNxL', 38),
	(1452, 'Frieda Blasgen', 'fblasgenat@flickr.com', '33487 Havey Drive', '13365', 'Jinshan', '5265335008', 'eqGTgb', 35),
	(1453, 'Ottilie Pickless', 'opicklessau@timesonline.co.uk', '21263 Dahle Hill', '55207', 'Fort-de-France', '8505746882', '8avbM8hYW', 158),
	(1454, 'Regen Allchin', 'rallchinav@indiatimes.com', '6 Ryan Junction', '79306', 'Tabwakea Village', '3812765503', 'O5AXx74FUhnZ', 17),
	(1455, 'Jannelle Hallums', 'jhallumsaw@51.la', '16 Browning Pass', '27974', 'La Virgen', '5332828372', '6xuLULeKCW7', 201),
	(1456, 'Frannie Mathewson', 'fmathewsonax@mtv.com', '97 Nancy Place', '34421', 'Huagai', '8741512492', 'kIwMySG0B7Ch', 170),
	(1457, 'Chrystel Eldon', 'celdonay@unc.edu', '7264 Nevada Parkway', '96442', 'Neochórion', '3564530993', 'Vldt4Csry', 45),
	(1458, 'Billy Stoffers', 'bstoffersaz@skype.com', '05 Cody Drive', '27772', 'Vällingby', '5582447389', 'pP8VLkj4jbmW', 159),
	(1459, 'Verge Oganian', 'voganianb0@parallels.com', '3390 Calypso Hill', '70435', 'Ros’', '4007217732', 'OYMQAnF', 194),
	(1460, 'Caril Stanway', 'cstanwayb1@twitter.com', '73 Manitowish Road', '46705', 'Ouidah', '1147151266', 'NO1mo9Q', 154),
	(1461, 'Meghann Piecha', 'mpiechab2@baidu.com', '24372 Hayes Place', '78683', 'Qingyang', '8758248247', 'ht6pV23F', 70),
	(1462, 'Elsbeth Blasdale', 'eblasdaleb3@vkontakte.ru', '56 Pine View Circle', '81723', 'Tanahmerah', '4991161795', 'scBtTYgTh', 209),
	(1463, 'Kath Gildersleeve', 'kgildersleeveb4@who.int', '21712 Mesta Avenue', '51350', 'Det Udom', '8357964772', 'mUuVnZrWJ8E', 84),
	(1464, 'Nichole Rassmann', 'nrassmannb5@narod.ru', '518 Boyd Lane', '58504', 'Kairouan', '9853381114', 'aDeVaYL6ft2', 170),
	(1465, 'Davida Dominico', 'ddominicob6@amazon.co.jp', '5037 Orin Trail', '39618', 'Strellc i Ulët', '5212146780', 'Rl7W3I7r', 110),
	(1466, 'Goldi Haryngton', 'gharyngtonb7@blogspot.com', '24 Lakewood Pass', '99027', 'Tawun', '1364533971', 'MqUrbcXhTi', 24),
	(1467, 'Aguie Hussell', 'ahussellb8@nsw.gov.au', '4 Oakridge Court', '85203', 'Busuanga', '5596201968', 'CkwGyf7FcMWW', 134),
	(1468, 'Robbie Flament', 'rflamentb9@telegraph.co.uk', '5 Mallory Junction', '62596', 'Nioki', '6965949803', 'aBu266GEil', 182),
	(1469, 'Ricard Kunz', 'rkunzba@sina.com.cn', '105 Shoshone Avenue', '30353', 'Béoumi', '4777806593', 'H1yPIb5iM', 241),
	(1470, 'Simone Wharram', 'swharrambb@exblog.jp', '4667 Coleman Hill', '63371', 'Okpoma', '9462422039', 'k6ukGNE', 57),
	(1471, 'Latashia Torns', 'ltornsbc@typepad.com', '1 Washington Way', '75053', 'Toupi', '8144256391', '8NoFPe3bBS6', 213),
	(1472, 'Linnie Lummus', 'llummusbd@tripadvisor.com', '52 Stuart Parkway', '88847', 'Xiaoxi', '2288401318', '30bW76u', 61),
	(1473, 'Abbott Sketch', 'asketchbe@xing.com', '9 Clyde Gallagher Street', '85893', 'Ariana', '3612867371', 'UYGTv2MYHY2I', 119),
	(1474, 'Caesar Brozsset', 'cbrozssetbf@marketwatch.com', '865 North Road', '41224', 'Nawal', '2685212199', 'FDNWbxz', 119),
	(1475, 'Wallache Wolland', 'wwollandbg@washington.edu', '458 5th Crossing', '21795', 'Thessaloníki', '9575589532', 'Fd7aCEnT8cAp', 60),
	(1476, 'Jannelle Halgarth', 'jhalgarthbh@tmall.com', '08 Lukken Road', '93051', 'Yingtan', '6824764690', '9KBrbv2naWWm', 20),
	(1477, 'Bondy Seefeldt', 'bseefeldtbi@dailymotion.com', '15 Dorton Center', '70127', 'Loma Bonita', '9015677837', 'x4T1JG7', 261),
	(1478, 'Tabby Olney', 'tolneybj@ask.com', '0418 Ramsey Alley', '36067', 'Valbo', '7775797775', 'cBaFq0hGPU', 21),
	(1479, 'Everard Adrienne', 'eadriennebk@liveinternet.ru', '13 Pearson Crossing', '68189', 'Avignon', '8309183895', '0zEDorkA', 27),
	(1480, 'Cecil Abdie', 'cabdiebl@ibm.com', '8190 Dwight Road', '18638', 'Kangalassy', '1824842773', 'UBZjfFw', 141),
	(1481, 'Ardelle Garlinge', 'agarlingebm@cnbc.com', '98 Carioca Center', '91481', 'Weiyuan', '9739902950', 'Nr22pjYS', 179),
	(1482, 'Dilly Kinnie', 'dkinniebn@loc.gov', '8592 Meadow Vale Pass', '96721', 'Gryfino', '2961823504', 'trd5y21jc', 202),
	(1483, 'Wendie Kittoe', 'wkittoebo@soundcloud.com', '495 Oriole Place', '73170', 'Bilo', '1536602471', 'YGrMQ62', 58),
	(1484, 'Jyoti Baptiste', 'jbaptistebp@newsvine.com', '563 Corry Center', '29173', 'Castle Bruce', '9024784301', 'eLRYGZgH2j', 171),
	(1485, 'Arley Sleight', 'asleightbq@nydailynews.com', '2114 Colorado Plaza', '85959', 'Loivos', '6951779080', 'XbnlDj', 139),
	(1486, 'Torin Neubigin', 'tneubiginbr@tuttocitta.it', '4454 Hanover Junction', '21649', 'Gaoping', '6204516148', 'dHbN3yOTth7I', 29),
	(1487, 'Troy Challender', 'tchallenderbs@posterous.com', '02 Monument Trail', '90055', 'Huanghuatan', '9098646800', 'xnf8FixPF86', 141),
	(1488, 'Erv Jandera', 'ejanderabt@home.pl', '6283 Waywood Trail', '82556', 'Haoba', '3006943870', 'Qk7FHY', 53),
	(1489, 'Celia Le Brun', 'clebu@weather.com', '81834 Kim Place', '58053', 'Chishui', '6394176229', 'tL92yM9z8EB', 261),
	(1490, 'Daisi Bambrugh', 'dbambrughbv@networkadvertising.org', '907 Talmadge Hill', '13733', 'Wakuya', '1326273718', 'DZrdt4', 51),
	(1491, 'Esme Vyvyan', 'evyvyanbw@weather.com', '59252 Gale Street', '35283', 'Rybinsk', '6925177393', 'yD0AmU2odz', 228),
	(1492, 'Harriott Duddle', 'hduddlebx@netvibes.com', '7 Hallows Way', '46262', 'Apucarana', '3117073435', 'fMKL1pE0', 224),
	(1493, 'Bent Colbourn', 'bcolbournby@ezinearticles.com', '42 Bayside Park', '93709', 'Grujugan', '4902635985', 'ZPlzxQP6X0w', 238),
	(1494, 'Jewelle Touson', 'jtousonbz@wordpress.com', '85824 Northfield Avenue', '43295', 'Huesca', '6422532438', 'kKZFG7GWPK', 113),
	(1495, 'Sheridan Fendley', 'sfendleyc0@miibeian.gov.cn', '995 Kings Pass', '98412', 'Skelleftehamn', '7808206369', 'N5N7mcRbPBj', 174),
	(1496, 'Nessy Wisby', 'nwisbyc1@blogs.com', '96962 Iowa Parkway', '39279', 'Dordrecht', '8278708285', 'K5ZZAGDNb', 90),
	(1497, 'Rubi Sneyd', 'rsneydc2@storify.com', '15708 Sutherland Pass', '31172', 'Villaba', '9311862109', 'micdUZNwEPf', 249),
	(1498, 'Ninnetta Gerriessen', 'ngerriessenc3@purevolume.com', '03702 Fieldstone Hill', '70362', 'Sigetec', '5137301038', '1wULeB1BMP', 122),
	(1499, 'Arlinda Twigge', 'atwiggec4@apple.com', '3759 Fordem Junction', '75006', 'Afareaitu', '7735978062', 'dRb7GwF66bSm', 197),
	(1500, 'Moselle Shillom', 'mshillomc5@omniture.com', '5744 Darwin Point', '67573', 'Pará de Minas', '7857870941', 'Sytl9YVi7', 84),
	(1501, 'Antoni Medland', 'amedlandc6@symantec.com', '553 Debra Point', '37465', 'Cran-Gevrier', '8392458297', '0Pot24ErQlFd', 55),
	(1502, 'Gunther Judd', 'gjuddc7@youtu.be', '520 Sachtjen Trail', '91296', 'Elista', '7181361601', 'LtAwcPH3FJz', 52),
	(1503, 'Jenilee Want', 'jwantc8@devhub.com', '13 Nancy Lane', '92411', 'Qianjin', '8522376852', 'Zjq6JeF', 22),
	(1504, 'Arleyne Balassa', 'abalassac9@umich.edu', '2 Stang Plaza', '52969', 'Thị Trấn Vạn Hà', '9736263503', 'z5RaIzMt6bN', 107),
	(1505, 'Cristian Aylen', 'caylenca@csmonitor.com', '04 Eastlawn Street', '54160', 'Cheremshan', '1266082005', 'S5retNjI2Si', 79),
	(1506, 'Aubrette Alstead', 'aalsteadcb@ocn.ne.jp', '21034 Nova Street', '91273', 'Xiatang', '8546624619', 'r2Nu1XHCNi9', 141),
	(1507, 'Catherina Annett', 'cannettcc@pagesperso-orange.fr', '40 Burning Wood Avenue', '42011', 'Pingli', '6468430343', 'wJUiuSQ', 227),
	(1508, 'Jacobo Oloshin', 'joloshincd@myspace.com', '3479 Surrey Point', '49462', 'Tangjiapo', '9091911235', 'VbBdW1kcNX5', 34),
	(1509, 'Maia Flemming', 'mflemmingce@people.com.cn', '504 Cambridge Pass', '85509', 'Otllak', '4694575268', 'CrqnCFa4', 41),
	(1510, 'Loni Dozdill', 'ldozdillcf@multiply.com', '25993 Holmberg Trail', '97833', 'Mas‘adah', '9284220785', '4mDkcGs1r3', 99),
	(1511, 'Adena O\'Sirin', 'aosirincg@economist.com', '88 Jay Pass', '92489', 'Ashibetsu', '7964745920', 'sZeZZlPN7vh8', 138),
	(1512, 'Laughton Haycraft', 'lhaycraftch@cnn.com', '8 Quincy Drive', '31801', 'North Little Rock', '5012394727', '5hJdElLAUw', 245),
	(1513, 'Juliet Swatradge', 'jswatradgeci@yandex.ru', '87 Loomis Center', '54087', 'Madette', '9734903088', 'lwcUIgvrYxjv', 199),
	(1514, 'Helli Snoxall', 'hsnoxallcj@mayoclinic.com', '107 Hanover Crossing', '84564', 'Lushnjë', '6413035381', 'aAPFPS', 213),
	(1515, 'Dagny Crichley', 'dcrichleyck@theatlantic.com', '52886 Daystar Alley', '54282', 'Basail', '5504097751', 'D1w9fl', 236),
	(1516, 'Saul Brandon', 'sbrandoncl@nba.com', '23 Walton Plaza', '81951', 'Tianya', '1832319876', 'S99DU5Y', 73),
	(1517, 'Alameda Tixier', 'atixiercm@oakley.com', '79198 Novick Avenue', '86729', 'Chengguan', '1934716418', '4colk8u', 92),
	(1518, 'Domini Ivanuschka', 'divanuschkacn@ca.gov', '36976 Forest Dale Street', '23146', 'Pataruman', '8508101671', 'smhVSvm', 77),
	(1519, 'Gilly Easterfield', 'geasterfieldco@google.ca', '6536 Old Gate Court', '74531', 'Dal’neye Konstantinovo', '6781924631', 'Be5n5Rc6IWS', 206),
	(1520, 'Charlene Philpotts', 'cphilpottscp@house.gov', '60091 Cottonwood Street', '95339', 'Qinglong', '5237908333', '7I2ieX6VQHCV', 232),
	(1521, 'Alair Rubenovic', 'arubenoviccq@prweb.com', '1 Shasta Terrace', '41441', 'Gorzyce', '7655948796', 'CrlIlOAPe', 203),
	(1522, 'Gawen Iannuzzi', 'giannuzzicr@a8.net', '231 Village Green Court', '19539', 'Buyende', '2138491948', 'JJr7GUA', 210),
	(1523, 'Billie Ganny', 'bgannycs@people.com.cn', '24 Vermont Lane', '68206', 'Milton', '7886320957', '9mLx8J', 134),
	(1524, 'Buckie Meggison', 'bmeggisonct@youtu.be', '5 Prentice Pass', '23755', 'Senangkhanikhom', '4919771558', 'TZlOLhSq', 113),
	(1525, 'Fulton Perelli', 'fperellicu@gov.uk', '0875 Boyd Place', '30089', 'Kowŏn-ŭp', '4907136990', 'nRqnUUD99TB', 70),
	(1526, 'Egon Goseling', 'egoselingcv@fastcompany.com', '7134 Oxford Court', '81932', 'Hellevoetsluis', '2646168111', '5r3UOyy62', 164),
	(1527, 'Maggie Cowell', 'mcowellcw@yelp.com', '78 Oak Valley Crossing', '86609', 'Kasina Wielka', '6389715079', 'qdK2GPPKX87V', 147),
	(1528, 'Hubert Abrahamian', 'habrahamiancx@discuz.net', '492 Milwaukee Parkway', '49339', 'Phoenix', '6028941471', 'mVrdNTiJENF', 177),
	(1529, 'Rollie Tatersale', 'rtatersalecy@cdbaby.com', '18 Kinsman Junction', '27724', 'Liulin', '5917643265', 'XFMCcD5', 105),
	(1530, 'Maxie Grigorushkin', 'mgrigorushkincz@github.com', '7 Anhalt Avenue', '78271', 'Paokmotong Utara', '8864978773', 'whcIOx', 131),
	(1531, 'Fanchon Pinor', 'fpinord0@wufoo.com', '4 Valley Edge Alley', '95012', 'Krosno Odrzańskie', '5931614324', 'MzUJbXDW1YAt', 235),
	(1532, 'Burnard Hathway', 'bhathwayd1@theatlantic.com', '2 Springview Road', '61398', 'Renfrew', '6751130473', 'BLqxXQd7', 42),
	(1533, 'Hilda Godman', 'hgodmand2@g.co', '5 Banding Crossing', '75803', 'Laojieji', '9372771100', 'K1if99b', 87),
	(1534, 'Merrill Elder', 'melderd3@va.gov', '11693 Becker Circle', '74225', 'Pereslavl’-Zalesskiy', '1223746235', 'iASyUSkD1pPA', 156),
	(1535, 'Isadora Curee', 'icureed4@g.co', '3052 Maple Wood Avenue', '96675', 'Sepanjang', '1633333641', 'MZTRmg', 207),
	(1536, 'Crista Sedworth', 'csedworthd5@japanpost.jp', '89941 Steensland Trail', '98577', 'Shishan', '2605221884', 'dmUIBUWE', 95),
	(1537, 'Zsazsa Longthorne', 'zlongthorned6@npr.org', '342 Dapin Court', '24579', 'Florianópolis', '1065077670', 'cKs5ua', 214),
	(1538, 'Lita Papaccio', 'lpapacciod7@ifeng.com', '22744 Sloan Drive', '77275', 'München', '4861922604', 'J3iLlGkgTtX', 37),
	(1539, 'Tiffanie Grestye', 'tgrestyed8@fda.gov', '91 Corscot Junction', '75629', 'Bjelovar', '2257076887', 'lOTiM04x', 174),
	(1540, 'Aryn Fealy', 'afealyd9@bigcartel.com', '104 Cody Plaza', '67918', 'Sobhādero', '6389067596', 'd550RM', 16),
	(1541, 'Melly Tuley', 'mtuleyda@sphinn.com', '01454 Truax Park', '85380', 'General Viamonte', '6695346982', 'Dd39Eo8TMszn', 138),
	(1542, 'Donielle Grimley', 'dgrimleydb@cafepress.com', '02775 Westport Crossing', '96453', 'Messejana', '7776466397', 'S26kvE4J', 231),
	(1543, 'Thebault Gauche', 'tgauchedc@howstuffworks.com', '97 Fisk Junction', '33607', 'Lukićevo', '2804480694', 'XGTzIzvpu', 68),
	(1544, 'Marnia Antonioni', 'mantonionidd@blogs.com', '63 Hayes Lane', '55765', 'Tmourghout', '8561144923', 'T5VXwFZGbu9', 97),
	(1545, 'Emanuel Kisbee', 'ekisbeede@phpbb.com', '27248 Larry Center', '48851', 'Bayangol', '7583005296', 'JioKPcUf', 252),
	(1546, 'Horton Snawden', 'hsnawdendf@biblegateway.com', '99731 Gerald Park', '53436', 'Hilversum', '3285635129', 'MWYdnDdPcZ0', 175),
	(1547, 'Rozelle O\'Connolly', 'roconnollydg@comsenz.com', '8 Fordem Place', '48324', 'Simao', '5453218717', 'kIu1kvW', 68),
	(1548, 'Korney Weathey', 'kweatheydh@dagondesign.com', '15 Acker Park', '90427', 'Ilovka', '8293664986', 'jDvfksIFc', 166),
	(1549, 'Coral Vickerstaff', 'cvickerstaffdi@homestead.com', '21 New Castle Pass', '73334', 'Huaguo', '5587517219', 'uh1gx8HyUN', 151),
	(1550, 'Carny Callicott', 'ccallicottdj@1und1.de', '03871 Coolidge Plaza', '43111', 'Gushan', '9449957686', 'bzAB1Tzi', 102),
	(1551, 'Anthony Kingaby', 'akingabydk@soup.io', '430 Hanover Street', '82732', 'Jiaoxie', '1573015001', 't58J70', 181),
	(1552, 'Emerson Haversum', 'ehaversumdl@ebay.com', '926 Jenifer Parkway', '79332', 'Chaodi', '7852176218', 'usI6kycZB3', 190),
	(1553, 'Gibb Kester', 'gkesterdm@nationalgeographic.com', '49284 Coleman Point', '56920', 'Manwakh', '1206623528', 'Lc8WO3', 99),
	(1554, 'Mathilda Kiln', 'mkilndn@live.com', '73 Fieldstone Place', '93016', 'Changshou', '7126624870', 'IljCOGuc', 164),
	(1555, 'Laura Lanphier', 'llanphierdo@blogger.com', '2 Waywood Drive', '93306', 'Yanqian', '2781642710', 'ReYVM5xZ', 228),
	(1556, 'Gypsy Lanceter', 'glanceterdp@hp.com', '0954 Buena Vista Street', '39014', 'Masaya', '7445259217', 'tsmr8Rh8R', 65),
	(1557, 'Valencia Fleeman', 'vfleemandq@last.fm', '24 Fallview Park', '25750', 'Pekalongan', '2839310711', 'mnZPpXQu47', 138),
	(1558, 'Nolan Laight', 'nlaightdr@zdnet.com', '4283 Raven Alley', '73039', 'Tomilino', '2847250297', 'Njf50kS', 181),
	(1559, 'Washington Burhouse', 'wburhouseds@aboutads.info', '5413 Corscot Drive', '20227', 'Nyuksenitsa', '5065898867', 'BygRmJ3fDhN8', 107),
	(1560, 'Shaun Kisbey', 'skisbeydt@va.gov', '8 Surrey Circle', '86150', 'North York', '9516598382', '981yse8', 168),
	(1561, 'Reilly Langsdon', 'rlangsdondu@unesco.org', '99 Sachs Center', '13678', 'Lantian', '3082900852', 'bYtCMxr4Wf3G', 166),
	(1562, 'Iormina Cattermoul', 'icattermouldv@nydailynews.com', '638 Delaware Way', '29028', 'Nangong', '8963939715', 'ds20ZcI', 162),
	(1563, 'Tessie Suddick', 'tsuddickdw@accuweather.com', '74 Milwaukee Terrace', '39293', 'Mangga Dua', '4264376469', '9swmyDhmvTp', 118),
	(1564, 'Veronica Braybrookes', 'vbraybrookesdx@creativecommons.org', '71 Charing Cross Road', '41828', 'Nice', '2174458542', '2hR0Ui', 118),
	(1565, 'Denni Fereday', 'dferedaydy@dagondesign.com', '3 Rieder Road', '76214', 'Sigiriya', '2054383225', 'ibjPzVen', 248),
	(1566, 'Norbert Heake', 'nheakedz@cdbaby.com', '86 Valley Edge Plaza', '39973', 'Itako', '3549063682', 'OFKXOf', 28),
	(1567, 'Warner McCurtain', 'wmccurtaine0@mayoclinic.com', '2722 Cody Crossing', '70816', 'Romanovo', '7318164802', 'sTjs4Mn3r', 67),
	(1568, 'Rab Andreacci', 'randreaccie1@example.com', '9343 Milwaukee Junction', '68162', 'Obala', '3119678782', 'cdOivo', 150),
	(1569, 'Elisha Sturch', 'esturche2@stanford.edu', '72 Calypso Alley', '20913', 'Thai Charoen', '4373065668', '0ull4lnMxb', 221),
	(1570, 'Joby Free', 'jfreee3@g.co', '98733 Comanche Way', '82467', 'Las Americas', '1554400156', 'V2lWVp', 108),
	(1571, 'Hamnet Adlington', 'hadlingtone4@blogs.com', '1 Colorado Way', '51315', 'Luxi', '9417685282', 'jbWa97', 79),
	(1572, 'Sollie Colrein', 'scolreine5@canalblog.com', '590 Alpine Parkway', '65050', 'Miasskoye', '9995700480', 'DzX05jEZCN', 116),
	(1573, 'Carmina Minto', 'cmintoe6@tamu.edu', '4696 Kinsman Terrace', '74059', 'Yong’an', '8607706149', 'KbWoD1Ssp', 210),
	(1574, 'Janis Himsworth', 'jhimsworthe7@wunderground.com', '3 New Castle Junction', '66287', 'Dama', '2293303512', 'nee9AgoQSRpL', 75),
	(1575, 'Sharona Iacovo', 'siacovoe8@nhs.uk', '05468 Hollow Ridge Point', '47695', 'Tarnowiec', '6165249749', 'Xafoc2zHUX', 181),
	(1576, 'Leonid McQuarter', 'lmcquartere9@uol.com.br', '939 Dawn Parkway', '81957', 'Cambrai', '1836911718', 'qG1bTWzmCXQ', 203),
	(1577, 'Hewe Swires', 'hswiresea@umich.edu', '8 Garrison Center', '27191', 'Wangqinzhuang', '3886621438', 'MeWwleze9', 222),
	(1578, 'Avrit Hulstrom', 'ahulstromeb@usgs.gov', '5 Crescent Oaks Alley', '78452', 'Khāndbāri', '7158006204', 'N4nhC2azG0E', 153),
	(1579, 'Kassia Dunbar', 'kdunbarec@seattletimes.com', '868 Glendale Parkway', '90575', 'Cincinnati', '5131995057', 'go9XDTdul', 79),
	(1580, 'Charles Lusk', 'clusked@rediff.com', '193 Michigan Hill', '32530', 'Mendeleyevo', '6662471437', 'J51Oy84', 131),
	(1581, 'Zane Muggach', 'zmuggachee@google.es', '13 Pankratz Place', '42624', 'Cortes', '8688897231', 'zm43hog', 107),
	(1582, 'Innis MacInerney', 'imacinerneyef@stanford.edu', '84696 Rutledge Circle', '49999', 'Nginokrajan', '3979593299', 'cvzju3jYZa', 68),
	(1583, 'Ernest Russel', 'erusseleg@meetup.com', '5 Shelley Street', '57161', 'Twardogóra', '2074026618', 'CBMLQS1nA', 23),
	(1584, 'Reena Gilliver', 'rgillivereh@webmd.com', '06865 Graceland Way', '90910', 'Béreldange', '3486856052', 'ELR6P0k', 179),
	(1585, 'Granville Feely', 'gfeelyei@dailymotion.com', '01915 Canary Court', '88205', 'Cincinnati', '5139903574', 'unDVCc9di', 153),
	(1586, 'Dulcea Lias', 'dliasej@4shared.com', '014 Loftsgordon Circle', '45749', 'Panganiban', '3821440987', 'NFp06W', 247),
	(1587, 'Melinde Peachey', 'mpeacheyek@1688.com', '90586 Pearson Alley', '97508', 'Ludu', '7418022135', 'GuuNf1bVXv6Q', 200),
	(1588, 'Beau Rodear', 'brodearel@ftc.gov', '536 Superior Center', '43076', 'Nglengkong', '8895307229', 'vfPkLq0xI', 98),
	(1589, 'Rosmunda Alston', 'ralstonem@mit.edu', '6 Summit Circle', '78232', 'Ongi', '1383286374', 'tksSQv', 85),
	(1590, 'Olly Mulvany', 'omulvanyen@mtv.com', '05467 Calypso Alley', '28908', 'Iberia', '7795388124', 'UCKo6I59Y', 71),
	(1591, 'Leena Merle', 'lmerleeo@buzzfeed.com', '41983 Hudson Pass', '24869', 'San Marcos', '5144566450', 'U9aBg5cNdG', 166),
	(1592, 'Carolynn Jurzyk', 'cjurzykep@google.com.hk', '526 Prairie Rose Court', '42974', 'Gameleira', '6757874304', 'T6HXs63blVb', 240),
	(1593, 'Walton Laurent', 'wlaurenteq@ask.com', '64 Oneill Crossing', '56212', 'Hartford', '8604618806', 'gHHJV3cAww3s', 134),
	(1594, 'Franky Skentelbery', 'fskentelberyer@artisteer.com', '0 Cardinal Way', '84034', 'Nancheng', '9889691626', 'JQJx18LZT9MR', 238),
	(1595, 'Raffaello Scargle', 'rscarglees@cnet.com', '63676 Glacier Hill Place', '97650', 'Kawage', '2895636882', 'lE3ZCbHILLRO', 258),
	(1596, 'Darrelle Keune', 'dkeuneet@bravesites.com', '2 Rockefeller Street', '11151', 'Orléans', '3221909348', 'UTQq2yKf', 160),
	(1597, 'Elset Saylor', 'esayloreu@harvard.edu', '783 Red Cloud Center', '31832', 'Nový Malín', '6618969451', '2v7iML9RB', 143),
	(1598, 'Blayne Minot', 'bminotev@google.com.br', '18 Reindahl Way', '37229', 'Salinungan Proper', '7626258254', 'FEksPo', 183),
	(1599, 'Ernesto Blaycock', 'eblaycockew@fastcompany.com', '42823 Anhalt Way', '70137', 'Alvand', '9079705134', 'nMvDLVTe', 40),
	(1600, 'Krystyna Liggett', 'kliggettex@list-manage.com', '49952 Luster Circle', '93150', 'Taoyuan', '5858884833', 'JWvDPBqw', 173),
	(1601, 'Belita Corden', 'bcordeney@ezinearticles.com', '750 Bobwhite Place', '49239', 'Nakano', '8496767238', 'yZU4RU97vA', 83),
	(1602, 'Conant Jepensen', 'cjepensenez@europa.eu', '87 Blaine Lane', '58139', 'Flen', '6662471884', 'qRyFVzQe2Qg2', 233),
	(1603, 'Darrelle Macer', 'dmacerf0@yellowbook.com', '86491 Hoffman Center', '88591', 'Adamantina', '1477815911', 'TqhSgSC', 92),
	(1604, 'Franky Rock', 'frockf1@webs.com', '050 Starling Center', '29981', 'Araras', '3905467833', 'aqz2HHl', 208),
	(1605, 'Nessie Tice', 'nticef2@theguardian.com', '51 Mallory Court', '17571', 'Vília', '5176959799', '6R5DQf4', 69),
	(1606, 'Peyter Bohlje', 'pbohljef3@zimbio.com', '9518 Sheridan Avenue', '60573', 'Kostanay', '8736335441', 'X0YWMPqfASg', 133),
	(1607, 'Maia Filov', 'mfilovf4@state.tx.us', '796 Forest Run Place', '89591', 'Hagonoy', '3153812138', 'YA90eLa2', 79),
	(1608, 'Damiano Lorent', 'dlorentf5@virginia.edu', '30621 Heath Lane', '41232', 'Dalongzhan', '1146768437', 'MpubTfm0', 130),
	(1609, 'Aloisia McLewd', 'amclewdf6@stanford.edu', '10383 Fairfield Terrace', '17362', 'Tours', '5768811349', 'UgNw3MFYzYlM', 116),
	(1610, 'Marshal Kleinschmidt', 'mkleinschmidtf7@vkontakte.ru', '67630 Westridge Point', '13444', 'Örebro', '5495687407', 'Sj9nOkQfN7e', 31),
	(1611, 'Kelcy Bangley', 'kbangleyf8@dailymail.co.uk', '38707 Anderson Alley', '17971', 'Åkersberga', '7187419866', 'mQGnA3', 226),
	(1612, 'Ewell Lawlan', 'elawlanf9@umich.edu', '72329 Roth Lane', '13379', 'Pingshan', '1656358663', 'CWFC8Zf', 195),
	(1613, 'Jdavie Bretherton', 'jbrethertonfa@hatena.ne.jp', '65 Knutson Avenue', '40130', 'Coihaique', '7188135401', 'OeemNH', 172),
	(1614, 'Laurena Bisiker', 'lbisikerfb@mail.ru', '143 Del Sol Drive', '97014', 'Tampa', '8132659633', 'hi4kyObpI00i', 79),
	(1615, 'Gretal O\'Sharkey', 'gosharkeyfc@usatoday.com', '8586 Veith Plaza', '20597', 'Langqi', '3967295774', 'SKv6O1De', 106),
	(1616, 'Cordie Jurasek', 'cjurasekfd@psu.edu', '94854 Becker Hill', '48256', 'Lom Sak', '4542228520', 'ZA3ivY', 158),
	(1617, 'Bard Taberer', 'btabererfe@desdev.cn', '5 Burning Wood Alley', '58007', 'Tambac', '5127490265', 'oxfs1YU0286B', 23),
	(1618, 'Mabelle Fairbanks', 'mfairbanksff@rambler.ru', '6588 Manitowish Pass', '64435', 'Pulorejo', '1312563305', 'v3kCY3eloMg', 254),
	(1619, 'Querida Crown', 'qcrownfg@uol.com.br', '27 Nelson Park', '81715', 'Gornji Breg', '4325922174', 'UfWmtYGa', 196),
	(1620, 'Ealasaid Varsey', 'evarseyfh@opensource.org', '72 Browning Road', '20977', 'Guanzhuang', '1257607282', 'O1opSq37I', 18),
	(1621, 'Casandra Driussi', 'cdriussifi@nydailynews.com', '9 Mayfield Junction', '92581', 'Azovo', '4735239516', 'q4KUBKKVzv', 194),
	(1622, 'Rafael Kenewel', 'rkenewelfj@people.com.cn', '3 Texas Drive', '96755', 'Ganchazi', '6859667220', 'fbeBrus', 110),
	(1623, 'Doro Hasselby', 'dhasselbyfk@weather.com', '55 Meadow Ridge Lane', '51060', 'Lyskovo', '9579802615', 'H9C6ooq3If11', 206),
	(1624, 'Lorry Winterborne', 'lwinterbornefl@canalblog.com', '05 Lindbergh Street', '61541', 'Marechal Cândido Rondon', '6991530743', 'CudUkR5bxX', 145),
	(1625, 'Silvana Starkie', 'sstarkiefm@hexun.com', '491 Donald Park', '85399', 'Kíti', '3705587685', 'Ht3twSB77l9', 160),
	(1626, 'Ursala Videneev', 'uvideneevfn@4shared.com', '3958 Hazelcrest Circle', '11825', 'Karanggintung', '5062908373', 'b6lKc38uTerl', 254),
	(1627, 'Tory Jouanny', 'tjouannyfo@so-net.ne.jp', '8 Kingsford Alley', '23093', 'Calle Blancos', '7898411154', 'PLQ2npfKXO', 245),
	(1628, 'Tony Lundberg', 'tlundbergfp@craigslist.org', '61686 5th Road', '15460', 'Terpsithéa', '8124635551', '2iiIU3X', 42),
	(1629, 'Free Balaizot', 'fbalaizotfq@google.co.uk', '08460 Mockingbird Point', '67304', 'Krajanjugosari', '6591974062', 'quC2XCXFKW0k', 234),
	(1630, 'Gertie Hoonahan', 'ghoonahanfr@boston.com', '485 Dwight Trail', '80209', 'Oklahoma City', '4057922991', 'PCQ3F14Vhpu', 168),
	(1631, 'Ramsey Bissell', 'rbissellfs@shinystat.com', '08304 Village Green Parkway', '92048', 'Brea Pozo', '4055003153', 't5Acv5', 129),
	(1632, 'Malissia Palluschek', 'mpalluschekft@marriott.com', '75 Jay Hill', '84182', 'São Francisco', '5138436623', 'cLhhR6e0', 200),
	(1633, 'Way Inchan', 'winchanfu@youtube.com', '23 Lakewood Place', '35594', 'Raciąż', '6792148678', 'AtMAMrzn2HuJ', 209),
	(1634, 'George MacKissack', 'gmackissackfv@sina.com.cn', '206 4th Trail', '84767', 'Mexico', '1462509051', 'bbAEr7d02Z5P', 53),
	(1635, 'Almeria Shelley', 'ashelleyfw@ustream.tv', '93 Kropf Circle', '71710', 'Colmar', '3526907118', 'kORnxbo', 73),
	(1636, 'Denna Domenichelli', 'ddomenichellifx@ehow.com', '485 Scott Terrace', '31380', 'Mantar', '9631010809', 'MgU4WUodTV', 234),
	(1637, 'Georgy Escoffier', 'gescoffierfy@msu.edu', '6 Vidon Center', '24030', 'Néa Flogitá', '6592797707', '07VvjJd8lK', 31),
	(1638, 'Brigg Syphus', 'bsyphusfz@twitter.com', '5 Judy Terrace', '50277', 'Fernández', '1426199858', 'yJSFVwI5', 253),
	(1639, 'Mac Loeber', 'mloeberg0@epa.gov', '089 Logan Center', '51192', 'Višňova', '9327062137', 'FDQggJx6YrnE', 249),
	(1640, 'Lind Jirak', 'ljirakg1@myspace.com', '9193 Huxley Point', '82341', 'Rinang', '9074024135', 'jYWp3UL', 69),
	(1641, 'Padriac Forsdyke', 'pforsdykeg2@cisco.com', '049 Rutledge Circle', '15312', 'Argungu', '7235399208', 'zPirVCrkr', 98),
	(1642, 'Tann Van Arsdall', 'tvang3@abc.net.au', '6 Garrison Drive', '28737', 'Madalum', '4417375513', 'FukI2ePeCo', 87),
	(1643, 'Rickie Devonald', 'rdevonaldg4@sogou.com', '0 Monterey Circle', '84462', 'Xinglong', '5386493069', 'UhLVqeQP', 92),
	(1644, 'Anna-diane Connaughton', 'aconnaughtong5@pagesperso-orange.fr', '2 Nova Center', '17483', 'Gouxaria', '5717252946', '8RUx5Rc9', 243),
	(1645, 'Cathie Ivimy', 'civimyg6@etsy.com', '53876 Darwin Hill', '75608', 'Jinze', '3375025784', 'zWECsv1', 33),
	(1646, 'Ludwig Geldart', 'lgeldartg7@weather.com', '019 Amoth Hill', '52262', 'Thomazeau', '7403033530', 'qmesGkr', 225),
	(1647, 'Tiffy Rew', 'trewg8@usda.gov', '523 Twin Pines Plaza', '56965', 'Fonte da Aldeia', '7544715514', 'QAtuLLmd', 120),
	(1648, 'Elnore Wainwright', 'ewainwrightg9@baidu.com', '8682 Autumn Leaf Trail', '90491', 'Rive-de-Gier', '7095362823', 'UdMRpQNy', 158),
	(1649, 'Crissie Androletti', 'candrolettiga@weibo.com', '05896 Di Loreto Junction', '19453', 'Tafraout', '3011314649', 'cXrJUssfn', 102),
	(1650, 'Sampson Atteridge', 'satteridgegb@bizjournals.com', '7657 Morning Center', '41842', 'Miguel Pereira', '3936051377', '5xaXf9qr0j', 33),
	(1651, 'Dorie Wilcockes', 'dwilcockesgc@amazonaws.com', '29264 Steensland Hill', '64613', 'Juan Adrián', '1041015577', 'd29ivUbAM', 225),
	(1652, 'Dani Portugal', 'dportugalgd@telegraph.co.uk', '814 Logan Circle', '48772', 'Masalovka', '9529386627', 'oFgVWWi', 220),
	(1653, 'Simonne Drane', 'sdranege@nytimes.com', '0991 Service Point', '97120', 'Lenīnskīy', '1939790550', 'ea4mmcMyhbK', 186),
	(1654, 'Richmond O\'Keaveny', 'rokeavenygf@ameblo.jp', '270 Derek Drive', '25726', 'Ituiutaba', '4628718803', '3siKiDDZa', 153),
	(1655, 'Myrah Hailes', 'mhailesgg@elpais.com', '633 Village Green Court', '57760', 'Huanggu', '9014421514', 'FG4Rq1xrjI', 71),
	(1656, 'Sylvan Jaques', 'sjaquesgh@desdev.cn', '6282 Hanson Hill', '12235', 'Komsomolsk-on-Amur', '8191849625', 'Z3QiVCM', 88),
	(1657, 'Arabella Grovier', 'agroviergi@xinhuanet.com', '10 Magdeline Park', '56521', 'Pescara', '1743744213', 'yXI4Gr3DU', 234),
	(1658, 'Terri Flipek', 'tflipekgj@kickstarter.com', '06032 Fieldstone Drive', '36937', 'Santa Lucia', '4841583949', '9EqWwtCT0Rr', 16),
	(1659, 'Jere Inglefield', 'jinglefieldgk@netlog.com', '9 Vernon Alley', '81018', 'Neringa', '7043999754', 'yMKdqLnSEJB', 73),
	(1660, 'Rodina Aizic', 'raizicgl@flickr.com', '329 Starling Crossing', '96835', 'Leyuan', '5661969094', '5vsqMJWHc7', 109),
	(1661, 'Patrick Barbour', 'pbarbourgm@washington.edu', '89564 Dovetail Park', '36309', 'Kesamben', '8136519133', 'M1rqRGE', 67),
	(1662, 'Erina Simonnot', 'esimonnotgn@stanford.edu', '0026 Bay Lane', '59886', 'Şaḩam', '8521565563', 'C0B2zNUKK2HO', 163),
	(1663, 'Edee Simioni', 'esimionigo@issuu.com', '40 Schurz Crossing', '46495', 'Linao', '9872101680', '0Zk7hQvfHqs', 60),
	(1664, 'Jayme Kneaphsey', 'jkneaphseygp@networkadvertising.org', '8 Burning Wood Lane', '61247', 'Buenavista', '7036970133', '9zF8Ytl9UMhe', 111),
	(1665, 'Bryon Novichenko', 'bnovichenkogq@linkedin.com', '488 Express Plaza', '75460', 'Krasnoye', '8697177113', 'vl7jcvQ', 55),
	(1666, 'Germaine Brehault', 'gbrehaultgr@who.int', '54 Pennsylvania Place', '85371', 'Itabaianinha', '5707011963', 'Zi9dLog', 199),
	(1667, 'Shirlee Patesel', 'spateselgs@census.gov', '7089 Del Mar Crossing', '89575', 'Lukou', '6251290514', '7UDNHgWfh', 143),
	(1668, 'Sibelle Riep', 'sriepgt@buzzfeed.com', '24963 Petterle Point', '83161', 'Skokovi', '6985834314', 'FUf7cy', 108),
	(1669, 'Denver Kimpton', 'dkimptongu@tumblr.com', '5128 Barnett Parkway', '37981', 'Jovellar', '9367776679', 'rSIv1ZWSglw3', 63),
	(1670, 'Pip Rame', 'pramegv@friendfeed.com', '9012 Mcguire Point', '12264', 'Dehui', '4439985596', 'H4AORsF3Jfq', 209),
	(1671, 'Gwenneth Sunley', 'gsunleygw@zimbio.com', '7 Barby Street', '47143', 'Kertosari', '4679621086', 'MnEexL', 47),
	(1672, 'Florella Insko', 'finskogx@salon.com', '551 Iowa Terrace', '78700', 'Kambingan', '2922444442', '7t93fAsA', 163),
	(1673, 'Greggory Bisgrove', 'gbisgrovegy@cdbaby.com', '53900 New Castle Hill', '22531', 'Dawan', '2398183483', 'GfKy7XGmOqdX', 70),
	(1674, 'Saundra Loram', 'sloramgz@icio.us', '680 Gulseth Circle', '32871', 'Arganil', '7841300498', 'hAU600bFY3', 202),
	(1675, 'Jolee Brittin', 'jbrittinh0@issuu.com', '08 Anhalt Court', '89846', 'Chapultepec', '6886920579', 'y6Ms2zTTlD2Z', 204),
	(1676, 'Jeanne Sparham', 'jsparhamh1@free.fr', '982 Ramsey Parkway', '58857', 'Sidu', '6416021726', '80xdCwSF', 118),
	(1677, 'Jeremie Da Costa', 'jdah2@php.net', '5 Banding Junction', '56468', 'Dafundo', '5511795513', 'GxhXhiz', 17),
	(1678, 'Lorne Lucia', 'lluciah3@mediafire.com', '6957 Valley Edge Parkway', '56903', 'Chavárion', '4209633428', 'UfDneq', 209),
	(1679, 'Romola Heindrick', 'rheindrickh4@webs.com', '76290 Pawling Road', '13448', 'Cipancur', '5496143325', 'yPVVOj6Hj8Z', 22),
	(1680, 'Tedie Dutch', 'tdutchh5@nytimes.com', '79 Longview Drive', '37801', 'Ondo', '1271047048', 'jCHUjQWojgk', 199),
	(1681, 'Tory Renney', 'trenneyh6@bloomberg.com', '82128 Melrose Crossing', '96981', 'San Fernando', '8425740984', 'CZXwwHDFHUv', 160),
	(1682, 'Mariejeanne Schruurs', 'mschruursh7@samsung.com', '6 Lighthouse Bay Street', '94241', 'Bakıxanov', '9407182354', 'siZUaZDN', 173),
	(1683, 'Farlie Brandsen', 'fbrandsenh8@addthis.com', '18843 Summer Ridge Drive', '68471', 'El Coco', '9165197435', 'ljACnsOw', 44),
	(1684, 'Windy Donnett', 'wdonnetth9@webmd.com', '04 Forster Road', '55834', 'Watubuku', '3464317574', 'yjXIgOx0vr7x', 228),
	(1685, 'Esta Norree', 'enorreeha@etsy.com', '00027 Jackson Terrace', '96276', 'Karano', '1799838362', 'PfjJSFlk', 74),
	(1686, 'Shina Werrett', 'swerretthb@yahoo.com', '492 Stoughton Point', '94163', 'Chekhov', '2716971041', 'kEl36573Wv', 251),
	(1687, 'Sorcha Astles', 'sastleshc@wordpress.com', '6097 Rusk Drive', '97084', 'Rakiv Lis', '5171982838', '9C1BzzguK', 222),
	(1688, 'Leone Savary', 'lsavaryhd@wordpress.org', '36031 Eastlawn Avenue', '74791', 'Lolotique', '7339396218', 'yjyCk3', 181),
	(1689, 'Beryl Carah', 'bcarahhe@shareasale.com', '0145 Grim Circle', '63899', 'Roche Terre', '1021609359', 'p69Fqm', 74),
	(1690, 'Eleanora Rosbottom', 'erosbottomhf@bravesites.com', '9550 Westend Park', '94434', 'Tintafor', '6436863168', 'PJX7xb', 195),
	(1691, 'Milka Weedon', 'mweedonhg@army.mil', '8 Golden Leaf Avenue', '26800', 'Ondo', '8425145483', 'tXDy97550vf5', 93),
	(1692, 'Manda Jonczyk', 'mjonczykhh@japanpost.jp', '01 Derek Junction', '32230', 'Sironko', '1542412239', '9A7pKEaEO5kj', 134),
	(1693, 'Thedric Sichardt', 'tsichardthi@house.gov', '5383 Stuart Circle', '40202', 'Nikopol', '5019041128', '8daYK0Jq', 23),
	(1694, 'Jackquelin Fieldgate', 'jfieldgatehj@netscape.com', '28032 Delladonna Parkway', '48593', 'Beloostrov', '7041295202', 'BF8nCb4gN', 65),
	(1695, 'Bekki Pauletto', 'bpaulettohk@google.co.uk', '809 Di Loreto Road', '49819', 'Shuanghekou', '9679281766', 'DYnfMPEeO', 24),
	(1696, 'Hymie Stocky', 'hstockyhl@discuz.net', '1413 Mcbride Drive', '87236', 'Topeka', '7859914236', 'inL4u09Mrm', 86),
	(1697, 'Auberon Takkos', 'atakkoshm@ed.gov', '70 Lotheville Drive', '42845', 'Pittsburgh', '4122074875', 'P3685sFnOH', 55),
	(1698, 'Brier Boal', 'bboalhn@indiatimes.com', '1 Hoffman Park', '68790', 'Changle', '8664028807', 'nv6BkWvHWKR', 53),
	(1699, 'Brice Wixey', 'bwixeyho@a8.net', '88 Prairie Rose Junction', '99441', 'Granard', '6442158435', 'DNiF1OS', 248),
	(1700, 'Fina Ellery', 'felleryhp@sciencedirect.com', '59 Sundown Crossing', '72357', 'La Purisima', '3599955722', 'Ev0cWQ', 223),
	(1701, 'Thom Ochterlony', 'tochterlonyhq@hostgator.com', '5 Old Shore Terrace', '43383', 'Koryčany', '9055011951', 'lNX4bxTyr8s', 222),
	(1702, 'Byrom Verchambre', 'bverchambrehr@si.edu', '7 Debs Alley', '83619', 'Ciengang', '2597354663', 'AWTYfzq6fJG', 219),
	(1703, 'Federico Griffey', 'fgriffeyhs@businesswire.com', '502 Luster Court', '84817', 'Rizokárpaso', '5749297757', 'ujX46L', 138),
	(1704, 'Barnabe Willford', 'bwillfordht@google.com.au', '52934 Scofield Drive', '51625', 'Shuishiying', '4079505199', 'iCRCW2', 239),
	(1705, 'Marshall Penvarden', 'mpenvardenhu@boston.com', '778 Oriole Drive', '63387', 'Huskvarna', '9651107021', 'a6PpkZa6KHFQ', 163),
	(1706, 'Inessa Leverton', 'ilevertonhv@chicagotribune.com', '6 Bowman Alley', '95254', 'Dasha', '9281191822', 'AVZoQD', 112),
	(1707, 'Levey Prophet', 'lprophethw@woothemes.com', '940 Rieder Park', '14654', 'Anserma', '2939927857', 'ht34NCBjY', 115),
	(1708, 'Niki Hazzard', 'nhazzardhx@furl.net', '5121 Lunder Hill', '49297', 'Succha', '4308522904', '8luHdwHcf0', 174),
	(1709, 'Othella Goodsir', 'ogoodsirhy@booking.com', '788 Stephen Lane', '14388', 'Baofeng', '1292617050', 'Cy3OVY3wIFh4', 256),
	(1710, 'Julee Wisniowski', 'jwisniowskihz@51.la', '7 Anzinger Parkway', '81402', 'Österbybruk', '3215840532', 'pkGpawoIF', 146),
	(1711, 'Cliff Fowlston', 'cfowlstoni0@ft.com', '7097 Talmadge Center', '43334', 'Lisia Góra', '9988995928', 'lXzV2gY5wX1H', 261),
	(1712, 'Easter Clyde', 'eclydei1@bloglovin.com', '010 Dixon Parkway', '30350', 'Zengtian', '1828481417', 'IzD19skAI5g', 249),
	(1713, 'Freddie Robus', 'frobusi2@discuz.net', '3414 Goodland Lane', '55990', 'Cognac', '6764847079', 'DH8ePm', 113),
	(1714, 'Jarret Gherardi', 'jgherardii3@cloudflare.com', '68 Shopko Street', '19265', 'Huaidian', '6817868020', 'Kq0YHZWQrS', 193),
	(1715, 'Ebba Golley', 'egolleyi4@nifty.com', '5780 Oak Valley Terrace', '76200', 'Zvole', '8021163632', 'h0hmDFPHYfyT', 245),
	(1716, 'Enrichetta Willock', 'ewillocki5@spiegel.de', '6 Clarendon Hill', '82179', 'Boston', '7819837512', 'gPGauf36', 135),
	(1717, 'Leah Desborough', 'ldesboroughi6@irs.gov', '04 Talisman Lane', '71945', 'Mishixiang', '5856062858', 'BoN6uCpg0n', 100),
	(1718, 'Alexi Forgie', 'aforgiei7@plala.or.jp', '708 Hallows Alley', '36931', 'Banjar', '4975044791', 'aUzq4y', 202),
	(1719, 'Sibylla Neaverson', 'sneaversoni8@samsung.com', '733 Logan Park', '32028', 'Rakaia', '6483647567', 'd7I4RfgsU9', 194),
	(1720, 'Mahmud Boseley', 'mboseleyi9@i2i.jp', '68505 Loeprich Park', '56838', 'Calatrava', '8669881605', 'gDL8vpk1dsg', 146),
	(1721, 'Nita Westrey', 'nwestreyia@wikia.com', '178 Armistice Center', '59740', 'Yangzi', '2092487535', 'wOwMB9WRIL8z', 81),
	(1722, 'Elissa Simoneton', 'esimonetonib@tinypic.com', '29 Hallows Plaza', '38022', 'Ad Dasmah', '3208873515', 'jXXgaCHrF9Xo', 91),
	(1723, 'Ardath Buard', 'abuardic@yahoo.co.jp', '9741 Burning Wood Junction', '35072', 'Vichy', '8015245387', 'b9faW0', 41),
	(1724, 'Margot Murrhaupt', 'mmurrhauptid@blogspot.com', '7327 Roth Drive', '89660', 'Luleå', '6384223130', 'by45IVIg', 147),
	(1725, 'Corbett Hague', 'chagueie@independent.co.uk', '77 Mariners Cove Drive', '11253', 'Jayawangi', '1451154568', '44EeC6PCveKE', 176),
	(1726, 'Mehetabel Jumonet', 'mjumonetif@disqus.com', '065 Starling Lane', '58799', 'Zheleznogorsk', '6129035063', 'EhB2JpvdYgX', 123),
	(1727, 'Hew Padson', 'hpadsonig@bbb.org', '56 David Lane', '83231', 'Santa Teresa', '2375975619', '3ZYaK0ih97at', 226),
	(1728, 'Tristan Murr', 'tmurrih@topsy.com', '3 Crest Line Center', '17305', 'Roanne', '9778167459', 'Cl15l4F0b', 115),
	(1729, 'Rose Dennidge', 'rdennidgeii@squarespace.com', '22516 Fallview Road', '34023', 'Aksarka', '2752446077', 'kAuMFR', 57),
	(1730, 'Steve Diggens', 'sdiggensij@networksolutions.com', '1858 Rockefeller Terrace', '34421', 'Parada de Todeia', '5802847119', 'ajQqaL4mk46w', 42),
	(1731, 'Lion Nockells', 'lnockellsik@wikipedia.org', '0 Drewry Plaza', '27811', 'Duayaw Nkwanta', '5187736538', 'A9ava1uuqs', 227),
	(1732, 'Adrianna Burdett', 'aburdettil@senate.gov', '290 Sachtjen Park', '42270', 'Shahrud', '5886899160', 'UJEFTPtlM', 157),
	(1733, 'Sidoney Riddall', 'sriddallim@ibm.com', '21 Heffernan Avenue', '81465', 'Moju', '3383912498', 'THwMgDz', 239),
	(1734, 'Kalle Breward', 'kbrewardin@surveymonkey.com', '16 Tennyson Trail', '26890', 'Beopwon', '3741841721', 'w3LlEUPfUY', 243),
	(1735, 'Raff McGarel', 'rmcgarelio@msn.com', '2 Luster Plaza', '37394', 'Sumberejo', '9611539870', 'tQgQgOxvr', 75),
	(1736, 'Breena Buttel', 'bbuttelip@msn.com', '3 Shoshone Junction', '50657', 'Klyuchevsk', '4275943178', 'Y4WMeT83', 203),
	(1737, 'Goddart Cornwell', 'gcornwelliq@jalbum.net', '3 Riverside Road', '54450', 'Bugene', '5739902210', 'M6D9UUAJN', 106),
	(1738, 'Lainey O\'Dogherty', 'lodoghertyir@twitpic.com', '414 Columbus Plaza', '56322', 'Magan', '8944558664', 'OmWjbGKVFDz', 242),
	(1739, 'Lew De Dantesie', 'ldeis@redcross.org', '03 Jenifer Crossing', '65317', 'Shuixi', '1894930866', 'ZNSayKtsFuee', 173),
	(1740, 'Bernice Antrobus', 'bantrobusit@nydailynews.com', '4646 Novick Court', '23350', 'Santa Rita do Sapucaí', '1137738295', '6AtlNh', 169),
	(1741, 'Ikey Doige', 'idoigeiu@google.nl', '3 Vahlen Pass', '33395', 'Ujazd', '1629635347', 'rKBi1mcs', 223),
	(1742, 'Jeramey McConnachie', 'jmcconnachieiv@storify.com', '8786 Magdeline Center', '87546', 'Zhob', '3881326876', 'yuTJGuZf', 229),
	(1743, 'Shellie Tollit', 'stollitiw@infoseek.co.jp', '43809 Basil Plaza', '50171', 'Minanga Norte', '2553489130', '0mkbPQmsfI', 20),
	(1744, 'Lianna Spain-Gower', 'lspaingowerix@shinystat.com', '1 Lawn Park', '20899', 'Roshal’', '2433940508', 'XQJbkqdk3o', 116),
	(1745, 'Denys Armin', 'darminiy@spotify.com', '67 Bobwhite Place', '25362', 'Yili', '8281712312', 'pExFWcoHXw', 158),
	(1746, 'Frances Hessel', 'fhesseliz@gravatar.com', '93 Spohn Pass', '56482', 'Boroko', '9727473131', 'mm3jPaUDOAi', 252),
	(1747, 'Dania Jessep', 'djessepj0@slideshare.net', '83327 Riverside Circle', '17909', 'Caetité', '2967548206', 'geM7pxty7Y', 259),
	(1748, 'Zedekiah McGriffin', 'zmcgriffinj1@cloudflare.com', '01687 American Ash Way', '50611', 'Radomin', '3761951166', 'KoaNJbSU8', 237),
	(1749, 'Alvina Ricciardi', 'aricciardij2@twitter.com', '7944 Buell Crossing', '63412', 'Espérance Trébuchet', '6864746712', 'Llwbml4kZG', 98),
	(1750, 'Hakeem Morton', 'hmortonj3@bigcartel.com', '350 Hoard Park', '75681', 'Paldiski', '1519937397', 'YLQYcq', 77),
	(1751, 'Misti Conlon', 'mconlonj4@hhs.gov', '034 Summer Ridge Place', '47116', 'Mahābād', '9631701778', 'gAthCtIJ96pb', 131),
	(1752, 'Evie Works', 'eworksj5@netvibes.com', '30734 Redwing Way', '78289', 'Xiaba', '7954034020', '1eqoJ8tzjIHu', 115),
	(1753, 'Olav Danford', 'odanfordj6@ft.com', '4 Stone Corner Trail', '31725', 'Ōkuchi', '6091713083', 'tH1Y8nxi', 199),
	(1754, 'Calli Shitliffe', 'cshitliffej7@mac.com', '9 John Wall Street', '60924', 'Sungsang', '6382186660', '90zP8fPow', 233),
	(1755, 'Fowler Dowty', 'fdowtyj8@cpanel.net', '85 Hermina Crossing', '80436', 'Chaoyangdong', '8488154754', 'CuKCNFRB1P', 34),
	(1756, 'Lenee Sidnall', 'lsidnallj9@shutterfly.com', '5386 Magdeline Terrace', '21330', 'Pembroke', '9992828125', 'kYw3qTy', 37),
	(1757, 'Archy Macieja', 'amaciejaja@usa.gov', '6832 Moland Terrace', '27131', 'Linköping', '3656391517', 'UcOZAukYZ8', 232),
	(1758, 'Kristen Dullard', 'kdullardjb@marketwatch.com', '66189 Gateway Parkway', '80215', 'Kuala Lumpur', '1738544198', 'cA6dAZk', 251),
	(1759, 'Andeee Rolfs', 'arolfsjc@oracle.com', '4 Cordelia Way', '41039', 'Kwali', '4751328102', 'uN8aWBM', 243),
	(1760, 'Alisha Cosgrave', 'acosgravejd@nsw.gov.au', '926 Arrowood Parkway', '51578', 'Chadiza', '1783288327', 'wBVt8qAZT', 97),
	(1761, 'Anitra Demare', 'ademareje@ca.gov', '09 Knutson Lane', '70270', 'Ijuw', '3685069424', 'ybO9g5mk7v', 49),
	(1762, 'Zerk Baglan', 'zbaglanjf@accuweather.com', '04 Clyde Gallagher Place', '13974', 'El Progreso', '9184904949', '1zDxaehUm', 221),
	(1763, 'Derril Karlolak', 'dkarlolakjg@hugedomains.com', '15615 Graedel Plaza', '68878', 'Detroit', '7342145684', 'WvUGGPKJ8bW', 170),
	(1764, 'Mac Gready', 'mgreadyjh@fda.gov', '99325 Burrows Road', '35200', 'Jiangxiangzhen', '5872698116', 'm2zrqL6', 40),
	(1765, 'Gradey Creedland', 'gcreedlandji@icq.com', '387 Bluestem Avenue', '65791', 'Pancoran', '3613318245', 'kzIFlNCc3xjb', 109),
	(1766, 'Sheff Bartholin', 'sbartholinjj@yahoo.co.jp', '8660 Granby Way', '28611', 'Wichian Buri', '9844331973', 'DrjY7X37', 47),
	(1767, 'Malinde Werndley', 'mwerndleyjk@samsung.com', '514 Lakeland Drive', '70771', 'Inuotose', '9712892688', 'MrC2UN33', 107),
	(1768, 'Diena Colebourne', 'dcolebournejl@marketwatch.com', '17 Pearson Crossing', '23259', 'Catumbela', '8298602748', '5YgPHOaKq', 215),
	(1769, 'Niall Calbaithe', 'ncalbaithejm@eepurl.com', '93573 1st Alley', '73036', 'Bassila', '4829085635', 'b9nj9adqUFOI', 259),
	(1770, 'Elise Anfusso', 'eanfussojn@webeden.co.uk', '62 Superior Alley', '75892', 'Kildare', '3313655316', 'RS5Ir6', 160),
	(1771, 'Kasey Gimblett', 'kgimblettjo@cocolog-nifty.com', '155 Pepper Wood Crossing', '89139', 'Wiślica', '7651575711', 'DOVf7D', 41),
	(1772, 'Gannon Ganter', 'gganterjp@engadget.com', '30 Vermont Crossing', '47701', 'Neiguan', '2166074601', 'PuvvUV', 62),
	(1773, 'Duane Schwant', 'dschwantjq@networksolutions.com', '67 Miller Drive', '42790', 'Icó', '4226639344', 'YapcpD6X', 140),
	(1774, 'Ced Howle', 'chowlejr@springer.com', '2816 Springview Parkway', '41734', 'As Sulayyil', '4168418307', 'KRJABqetJ0Ex', 124),
	(1775, 'Gillian Steely', 'gsteelyjs@sphinn.com', '931 Leroy Trail', '14711', 'Horní Bečva', '5092259963', 'StVgBF', 57),
	(1776, 'Konstance Tavener', 'ktavenerjt@constantcontact.com', '30482 Clarendon Lane', '68778', 'Ljusdal', '4669978737', 'xXRRvbGvWRzE', 253),
	(1777, 'Vitia Lidden', 'vliddenju@yandex.ru', '3 Bluestem Circle', '36573', 'Glória do Goitá', '6257071173', 'M7twuYHZ', 103),
	(1778, 'Kandy Thursby', 'kthursbyjv@github.io', '09 Sauthoff Parkway', '35907', 'La Palma', '8369566493', 'tcq1nDH3i', 81),
	(1779, 'Dacy Annion', 'dannionjw@lycos.com', '421 Lakewood Gardens Pass', '88547', 'Malhou', '7952494998', 'emyT4gF0K', 259),
	(1780, 'Gilbert Gehrels', 'ggehrelsjx@webnode.com', '69 Shasta Junction', '16057', 'Iraquara', '7634636452', '0WcSPgB', 213),
	(1781, 'Angelique Philipsen', 'aphilipsenjy@usgs.gov', '1566 Fairfield Street', '37985', 'Bełżyce', '9817017456', 'oLUxusFoVoI', 196),
	(1782, 'Federico Leaney', 'fleaneyjz@webmd.com', '5 Sherman Crossing', '29164', 'Lirung', '6798369303', 'plDBe1', 141),
	(1783, 'Jayne Krolik', 'jkrolikk0@disqus.com', '0 Kenwood Alley', '51464', 'Dietaisi', '1701939956', '0xBNrGnu6o', 221),
	(1784, 'Melantha Glossup', 'mglossupk1@utexas.edu', '59617 Moose Lane', '49313', 'Gaoqiao', '6124499626', 'nqgnJk4xBX', 253),
	(1785, 'Barbe Scotchforth', 'bscotchforthk2@baidu.com', '48 Hintze Road', '37470', 'Jiangzhou', '9581018518', 'GEehnFZimc', 41),
	(1786, 'Brant Fishleigh', 'bfishleighk3@woothemes.com', '5 Spaight Hill', '68155', 'Makadi Bay', '9246799285', 'kwmNknm0AE', 168),
	(1787, 'Stormy Kleanthous', 'skleanthousk4@scribd.com', '75332 Northridge Alley', '17589', 'Tungipāra', '4327962721', 'RFQnTa1', 40),
	(1788, 'Constancia Winch', 'cwinchk5@unicef.org', '2202 Brown Avenue', '63731', 'Novopavlovsk', '6752022919', '6SEXz7', 95),
	(1789, 'Ira Westmerland', 'iwestmerlandk6@gmpg.org', '7 Hallows Court', '16974', 'Ruma', '1767870314', 'EdmlZu', 105),
	(1790, 'Svend Delbergue', 'sdelberguek7@statcounter.com', '98 Kensington Terrace', '34672', 'Candelaria', '5987110232', 'KBINNfE', 66),
	(1791, 'Pamelina Banisch', 'pbanischk8@reference.com', '41756 Vera Crossing', '13627', 'San Pascual', '8242132249', 'hiu4HY', 213),
	(1792, 'Sonny Switland', 'sswitlandk9@rediff.com', '1 Melody Lane', '58716', 'Coruña, A', '3478612265', 'fLGRJHr4y', 139),
	(1793, 'Kellsie Dowson', 'kdowsonka@altervista.org', '36 Cordelia Park', '23170', 'Solna', '3645938726', 'y8yXycwi', 151),
	(1794, 'Oliver Clelle', 'oclellekb@soup.io', '59 Westend Way', '21656', 'Gaowu', '3078494021', 'tHNRL4Y', 248),
	(1795, 'Jeni Silcocks', 'jsilcockskc@webmd.com', '97 Springview Parkway', '81164', 'Qingfa', '3764210663', 'qw6oJe', 224),
	(1796, 'Lee Gideon', 'lgideonkd@trellian.com', '59347 Arapahoe Pass', '69910', 'Penglai', '9594221279', 'uZKZ2RHW', 193),
	(1797, 'Abby Duberry', 'aduberryke@ifeng.com', '52302 Emmet Parkway', '59085', 'Dao', '1728220257', '5G7o39aA', 237),
	(1798, 'Currey Hansford', 'chansfordkf@cmu.edu', '9239 Sunbrook Hill', '68318', 'Zbąszynek', '3491358119', '6ioTQW9XgOX', 36),
	(1799, 'Alphonse MacFarland', 'amacfarlandkg@ask.com', '67 High Crossing Road', '18976', 'Bacun', '6704334680', 'C7fGjpq', 74),
	(1800, 'Johan Pharoah', 'jpharoahkh@mysql.com', '35314 Lakewood Gardens Park', '34654', 'Kiên Lương', '3747473710', 'BwBdGHa41un', 94),
	(1801, 'Al Witling', 'awitlingki@reuters.com', '6428 Duke Drive', '27294', 'Genève', '6077484134', '6grds2IiI', 226),
	(1802, 'Lindsay Canto', 'lcantokj@github.com', '9 Grasskamp Hill', '81025', 'Ulricehamn', '9511897776', 'U7SjkCef24', 261),
	(1803, 'Lovell Shiel', 'lshielkk@buzzfeed.com', '0948 Tony Drive', '97698', 'Toulouse', '9871620199', 'UpKql4Ir', 84),
	(1804, 'Madelin Prewer', 'mprewerkl@phoca.cz', '9363 Pennsylvania Hill', '97992', 'Bestovje', '3182162660', '8CqfWLf6', 152),
	(1805, 'Randell Scardefield', 'rscardefieldkm@google.es', '99 Johnson Junction', '70702', 'Pérama', '9178312528', 'mnI49MbTq', 140),
	(1806, 'Betteanne Rapsey', 'brapseykn@narod.ru', '9499 Fair Oaks Drive', '29795', 'Pangkalan Kasai', '9337269068', 'qKp4vC', 203),
	(1807, 'Zacherie Crosher', 'zcrosherko@msn.com', '03 Moulton Center', '20320', 'Basar', '6393849148', 'RIxkxP', 189),
	(1808, 'Costanza Ashford', 'cashfordkp@sbwire.com', '52 Doe Crossing Trail', '55972', 'Quy Đạt', '3393843157', 'FLBw6hPH', 78),
	(1809, 'Adrea Petken', 'apetkenkq@wp.com', '202 Mosinee Court', '67766', 'Stockholm', '6358955449', 'tRGTK5', 140),
	(1810, 'Jennette Brymner', 'jbrymnerkr@feedburner.com', '08573 Bowman Circle', '48474', 'Rolante', '3328655639', '2O7e6Yds', 100),
	(1811, 'Kassey Landal', 'klandalks@apache.org', '2 Brentwood Hill', '71996', 'Cishangang', '6163763925', 'wnjAJlrx5wAq', 229),
	(1812, 'Dillie Blowing', 'dblowingkt@hud.gov', '746 Loftsgordon Terrace', '97964', 'Fatualam', '5736292275', 'na76leKlF1', 215),
	(1813, 'Flory Whiteman', 'fwhitemanku@arstechnica.com', '8546 Shasta Pass', '62391', 'Cibeuti', '1858480839', 'Xw6QFk6QeBZ', 147),
	(1814, 'Gladi Kensy', 'gkensykv@nydailynews.com', '273 Monica Hill', '30803', 'Ponte Nova', '1878047587', '3XmT4v', 168),
	(1815, 'Pietra Kivell', 'pkivellkw@tinypic.com', '83 Meadow Valley Trail', '88780', 'Santa Venera', '2518467290', '35UqVRtvoJ', 226),
	(1816, 'Karole Blunsum', 'kblunsumkx@cnbc.com', '22 Lawn Lane', '79110', 'Trindade', '2449698964', '4ZxBT2BaSg40', 61),
	(1817, 'Missy Ryburn', 'mryburnky@buzzfeed.com', '55478 Clyde Gallagher Trail', '66534', 'Takum', '9981088571', 'FJqXxyu3UH', 213),
	(1818, 'Waiter Scade', 'wscadekz@jalbum.net', '25 Algoma Hill', '45515', 'Maoshan', '5706803069', 'jf3Ajym10n8d', 102),
	(1819, 'Flory Commin', 'fcomminl0@cnbc.com', '55 Spenser Alley', '74294', 'Timbuktu', '3851222736', 'LvrRzx14dHAT', 205),
	(1820, 'Jaquenette Ballister', 'jballisterl1@wp.com', '168 Utah Center', '33131', 'Hlyboka', '5535085036', 'TTOybwEz0Voz', 94),
	(1821, 'Tanner Fussey', 'tfusseyl2@weather.com', '03 Corry Center', '50346', 'Kokubu-matsuki', '1234225440', 'rrk6njBodh', 228),
	(1822, 'Hendrika Dimic', 'hdimicl3@alexa.com', '922 Morning Alley', '19690', 'Midlands', '8241423014', '1eMqU4hd', 110),
	(1823, 'Lizbeth Marcone', 'lmarconel4@php.net', '514 Main Plaza', '88760', 'Bosen', '5584565368', 'hgzfbDSAG', 152),
	(1824, 'Fulton Watchorn', 'fwatchornl5@epa.gov', '18328 Ruskin Alley', '58273', 'Alençon', '3522600824', 'RvYwgSILe8k', 45),
	(1825, 'Thomasa O\'Scanlon', 'toscanlonl6@mlb.com', '100 Emmet Avenue', '20065', 'Itsandra', '5813179455', 'xC7W1Fgv', 171),
	(1826, 'Lennard Locard', 'llocardl7@stumbleupon.com', '987 Chive Avenue', '88331', 'Jonava', '9115451197', '5qmeJu', 142),
	(1827, 'Fraze Oldred', 'foldredl8@elegantthemes.com', '700 Vidon Plaza', '48885', 'Štore', '3553160440', 'A27nAKm72JL2', 167),
	(1828, 'Royal Petit', 'rpetitl9@cornell.edu', '3215 Elgar Court', '99029', 'Vendas de Galizes', '3123634981', 'A96aRZbwU', 119),
	(1829, 'Nerta Gilstoun', 'ngilstounla@cocolog-nifty.com', '688 Westerfield Circle', '46941', 'Mina Clavero', '8569359659', 'qQXW7mcH8Z', 65),
	(1830, 'Juliane Presley', 'jpresleylb@e-recht24.de', '259 Lerdahl Junction', '52248', 'Garland', '2146905501', 'mu216inBernO', 70),
	(1831, 'Allan Ridulfo', 'aridulfolc@ucoz.com', '3 Dryden Way', '26686', 'Colca', '7228496524', 'zahefv4FXC', 60),
	(1832, 'Dacie Efford', 'deffordld@delicious.com', '427 Sage Park', '37118', 'Šavnik', '1937191171', 'iH9k4pX2', 222),
	(1833, 'Emmy Petchey', 'epetcheyle@technorati.com', '42891 Vera Plaza', '91682', 'Cereté', '4642536872', 'NQpzZMOAAyq4', 193),
	(1834, 'Joanne Reardon', 'jreardonlf@parallels.com', '3 Debs Point', '98043', 'São Miguel do Araguaia', '4228013117', 'ANWMr1W4it', 224),
	(1835, 'Wrennie Pratton', 'wprattonlg@aboutads.info', '8 Debra Hill', '93655', 'Liozon', '5892878193', 'yNPoWuHPSF', 249),
	(1836, 'Daveen Metzel', 'dmetzellh@weather.com', '9545 Warbler Point', '57716', 'Si Satchanalai', '3143647286', 'cECtF50v', 176),
	(1837, 'Ricki Hallihan', 'rhallihanli@comsenz.com', '47 Mcguire Drive', '75142', 'Isla', '3169716916', '4U9gzMIns8', 134),
	(1838, 'Carmel Clogg', 'cclogglj@ustream.tv', '0376 Forest Parkway', '42121', 'Linda Vista', '6948882565', 'fcqSeo1XRG', 64),
	(1839, 'Twila Shatliff', 'tshatlifflk@edublogs.org', '30960 Prentice Street', '52100', 'Brest', '6613738470', 'fekJ5td', 161),
	(1840, 'Winnie Chedzoy', 'wchedzoyll@ocn.ne.jp', '93 Springs Hill', '13776', 'Gaoshi', '1964303452', 'mmB43Q', 64),
	(1841, 'Adara Humbatch', 'ahumbatchlm@arstechnica.com', '89208 Florence Parkway', '61221', 'Seke', '2809036973', 'OHmtiagUka', 101),
	(1842, 'Raul Pendrich', 'rpendrichln@bbc.co.uk', '742 Eggendart Trail', '40684', 'Pemex', '3118850903', 'SPRDr8dYi15X', 21),
	(1843, 'Eddi Cotes', 'ecoteslo@timesonline.co.uk', '2525 Clyde Gallagher Point', '65528', 'Pindorama', '2978751838', 'myplIch0CS3', 174),
	(1844, 'Annabel Waitland', 'awaitlandlp@adobe.com', '2454 Mayer Court', '44760', 'Jambangan', '8859628804', 'IASgyIa3V', 40),
	(1845, 'Meaghan Parcells', 'mparcellslq@webnode.com', '90 Manley Place', '44690', 'Laiyuan', '6074337275', 'xsae1QRmFvz', 139),
	(1846, 'Rudolph Gonin', 'rgoninlr@pen.io', '1 Sugar Center', '36012', 'Libas', '9844799458', 'NXkcZia', 159),
	(1847, 'Pansie Nelsen', 'pnelsenls@pagesperso-orange.fr', '524 Hansons Trail', '58937', 'Sainte-Anne-de-Bellevue', '7599327929', 'xKifDgpjurX', 180),
	(1848, 'Carlota McVity', 'cmcvitylt@delicious.com', '43 Northwestern Hill', '62905', 'Lanigan', '7127615089', 'nDqICAkwuRIa', 109),
	(1849, 'Logan Scates', 'lscateslu@nature.com', '47 Kenwood Court', '28322', 'Liushun', '4718037208', 'DUAgRXb8', 76),
	(1850, 'Zonnya Fyfield', 'zfyfieldlv@hugedomains.com', '09 Burning Wood Terrace', '54274', 'Ranambeling', '7373558084', 'CSKtCUfrNd', 250),
	(1851, 'Gasper Kolis', 'gkolislw@examiner.com', '42189 Shasta Pass', '53260', 'Girey', '8541805924', 'M36Ksx1', 170),
	(1852, 'Phebe Bonafacino', 'pbonafacinolx@independent.co.uk', '6813 Blaine Road', '30072', 'Sidem', '5948444948', 'KppA3Iw', 84),
	(1853, 'Lawry Hairesnape', 'lhairesnapely@naver.com', '456 Summerview Parkway', '75978', 'Huesca', '2285124672', 'jTzkqf9', 199),
	(1854, 'Tulley Tunder', 'ttunderlz@techcrunch.com', '306 Merrick Center', '34843', 'Dongyuan', '2587360480', 'msh4CXtC97jN', 224),
	(1855, 'Vyky Cruces', 'vcrucesm0@buzzfeed.com', '3507 Debra Center', '49332', 'Tagta', '6461212356', 'JTo0QLwMCHSu', 108),
	(1856, 'Ansell Schruyers', 'aschruyersm1@odnoklassniki.ru', '785 Clemons Pass', '94482', 'Tupanciretã', '1152329756', 'By2vqymcLr', 70),
	(1857, 'Durward Dunston', 'ddunstonm2@cyberchimps.com', '986 American Street', '42723', 'Novonukutskiy', '1774513674', '8ZyODNG', 259),
	(1858, 'Ethelind Duffin', 'eduffinm3@zimbio.com', '240 Mayer Junction', '64811', 'Quebrada Canoa', '8319195453', 'tXNukKMVcc0i', 150),
	(1859, 'Shaun Gulleford', 'sgullefordm4@mit.edu', '1002 Mallory Terrace', '64668', 'Songnim', '3721350522', 'sGT8Un', 226),
	(1860, 'Cinnamon Tordoff', 'ctordoffm5@netvibes.com', '4 Parkside Street', '21500', 'Długosiodło', '5851118159', 'QKjzhNPA', 174),
	(1861, 'Lethia Koschke', 'lkoschkem6@newyorker.com', '804 Daystar Alley', '79257', 'Qarah Bāgh Bāzār', '4566589352', 'ea3hlW8uZ2r', 47),
	(1862, 'Roddy Correa', 'rcorream7@ted.com', '9561 Golf View Court', '50322', 'Za‘tarah', '3946985971', 'ps7jAkObi', 142),
	(1863, 'Kilian Lapley', 'klapleym8@simplemachines.org', '4860 Green Ridge Junction', '97985', 'Al Wāsiţah', '3091722695', 'z9JJr1', 259),
	(1864, 'Juliette Bayldon', 'jbayldonm9@storify.com', '0 Evergreen Park', '94300', 'Portão', '1915659657', 'jP78YfPR', 162),
	(1865, 'Gilbert Kondrat', 'gkondratma@altervista.org', '69602 Summit Crossing', '50392', 'Wobulenzi', '1947330251', 's82rb0i', 244),
	(1866, 'Kendrick Breyt', 'kbreytmb@mashable.com', '6204 Dahle Avenue', '66022', 'Xinmin', '8014383113', 'BDtJsW9Ldy', 135),
	(1867, 'Margo Limbrick', 'mlimbrickmc@paypal.com', '7097 Kings Way', '70878', 'Rochester', '5852540142', 'HN4Vxb2DVK3', 112),
	(1868, 'Donnie Rulf', 'drulfmd@dropbox.com', '0 Dakota Alley', '28061', 'Impendle', '2936069523', 'OnLH7CQgX', 61),
	(1869, 'Artemus Glenn', 'aglennme@woothemes.com', '2 Cardinal Junction', '41725', 'Karavan', '3104774483', 'ncX0PYy0H', 162),
	(1870, 'Martin Boughen', 'mboughenmf@vkontakte.ru', '97360 Sloan Court', '85278', 'Khallat Ḩamāmah', '3318274364', 'd4ssKx', 225),
	(1871, 'Barny Jakoub', 'bjakoubmg@reverbnation.com', '73 Kropf Circle', '61538', 'København', '8825339755', 'P7F8sg8l0', 126),
	(1872, 'Tanney Skelbeck', 'tskelbeckmh@tamu.edu', '679 Chinook Way', '67925', 'Mafang', '1373258243', 'x1lkbUWnspDC', 194),
	(1873, 'Scotty Bazelle', 'sbazellemi@telegraph.co.uk', '03685 Armistice Circle', '35920', 'Toshloq', '2955176536', 'i58ayQ', 101),
	(1874, 'Rafael Juanico', 'rjuanicomj@mozilla.com', '77 7th Plaza', '91762', 'Xiayang', '9159142998', 'Z7xD1yoGsL', 179),
	(1875, 'Ondrea Oats', 'ooatsmk@army.mil', '11 Gulseth Street', '99565', 'Al Ḩumaydāt', '5817224130', 'Iz4xKYSCbS', 31),
	(1876, 'Wendy McKinnon', 'wmckinnonml@jigsy.com', '9 Kings Road', '74951', 'Dananyu', '4145367500', 'G2DpDOa4j9k', 180),
	(1877, 'Nevin Geaves', 'ngeavesmm@etsy.com', '9 Nevada Avenue', '25232', 'Sukmoilang', '7644548336', 'p5p44tZDUobm', 241),
	(1878, 'Kirstyn Scrowston', 'kscrowstonmn@bing.com', '425 John Wall Park', '73534', 'Banjar Pangkungtibah Selatan', '8841530366', 'q74W7r2g', 224),
	(1879, 'Arny Adney', 'aadneymo@sbwire.com', '4446 Park Meadow Avenue', '44839', 'Pābna', '1621590303', '0iMVkI', 83),
	(1880, 'Brigit Camillo', 'bcamillomp@google.pl', '34706 Loftsgordon Place', '47722', 'Yelan’', '7322908922', 'LtyTZ0y0zb', 16),
	(1881, 'Cheri Gerriets', 'cgerrietsmq@bandcamp.com', '3999 Southridge Junction', '80391', 'Caiyuan', '2064975176', 'bnajuo', 98),
	(1882, 'Bernetta Heaffey', 'bheaffeymr@uol.com.br', '7 Quincy Alley', '33999', 'Watuka', '6903359693', 'cpxEKhbyo', 143),
	(1883, 'Nicolas Lamasna', 'nlamasnams@fema.gov', '9396 Haas Circle', '27235', 'Campo Largo', '4897152936', 'LRagLMEuc', 240),
	(1884, 'Noelyn MacDougall', 'nmacdougallmt@java.com', '1788 Holy Cross Park', '77737', 'Jutaí', '7409825734', '6YAnEPdES', 231),
	(1885, 'Maddalena Laimable', 'mlaimablemu@mit.edu', '42 Straubel Road', '96952', 'Ringin Kembar', '5238206265', 'Kim2HO3Gkmo', 92),
	(1886, 'Gustavo Carragher', 'gcarraghermv@tuttocitta.it', '73 Laurel Terrace', '91416', 'Stockholm', '9039622585', 'gMIF4P', 248),
	(1887, 'Alikee Pinnijar', 'apinnijarmw@foxnews.com', '4812 Colorado Crossing', '46095', 'Lappi', '3393871138', 'ifP2nGgFMTE', 137),
	(1888, 'Clayborne Yallop', 'cyallopmx@reddit.com', '8 Stone Corner Place', '92764', 'Ak’ordat', '2045955224', 'ouMfan', 50),
	(1889, 'Tore Saddington', 'tsaddingtonmy@cmu.edu', '28957 Kipling Avenue', '49856', 'Colonia Elisa', '7352910418', 'J8UUlXfA', 95),
	(1890, 'Aundrea Norres', 'anorresmz@exblog.jp', '80 Mockingbird Plaza', '58237', 'Wukou', '4469035547', 'DznvVS08RAL1', 66),
	(1891, 'Lonna Gaythwaite', 'lgaythwaiten0@de.vu', '05083 Mitchell Street', '14705', 'Priiskovyy', '3167476021', 'gkNHiGup', 92),
	(1892, 'Ches Sainer', 'csainern1@state.tx.us', '06 Blaine Crossing', '23862', 'Leśnica', '4322003009', '6stjRyVRfWO', 190),
	(1893, 'Fae Goadbie', 'fgoadbien2@t.co', '9993 American Ash Parkway', '78490', 'Trancas', '8921659539', 'OHbvr8', 190),
	(1894, 'Estrellita Comoletti', 'ecomolettin3@omniture.com', '6014 American Junction', '42243', 'Noeltoko', '1287386867', 'GuDhjIIw', 52),
	(1895, 'Adel Larciere', 'alarcieren4@paginegialle.it', '1208 Ludington Street', '21555', 'Bodiosa a Velha', '1897956768', 'U3FwhqqVdAIS', 72),
	(1896, 'Hubey Marquez', 'hmarquezn5@wsj.com', '6483 Namekagon Pass', '62137', 'Alcácer do Sal', '7316435981', 'LpqYCgW', 83),
	(1897, 'Alysa Forker', 'aforkern6@tinyurl.com', '750 Tennyson Point', '12136', 'Belköl', '4751263340', '1uOG0ToXh8N', 138),
	(1898, 'Baxter Tander', 'btandern7@sun.com', '50575 Fulton Parkway', '17232', 'Duisburg', '7302171191', 'zLNyEqGw', 25),
	(1899, 'Heddie Toke', 'htoken8@facebook.com', '2 Dwight Avenue', '85856', 'Nová Paka', '7665664383', 'm6YZKrKR', 102),
	(1900, 'Barby Stammirs', 'bstammirsn9@sina.com.cn', '5132 Pepper Wood Street', '75157', 'Castle Bruce', '2435316358', 'wfTwZO86nF', 34),
	(1901, 'Larisa Royste', 'lroystena@stanford.edu', '431 Evergreen Terrace', '46209', 'Ganjun', '7313084092', 'atbVfzZpXsI', 19),
	(1902, 'Clarke Merrington', 'cmerringtonnb@apache.org', '28 Ilene Plaza', '81009', 'Kangdong-ŭp', '9865092927', 'sKXTvOPIP', 135),
	(1903, 'Bayard Stoffler', 'bstofflernc@unesco.org', '28 Heath Way', '97243', 'Dembī Dolo', '3278875381', '3p8wiIsKeD', 249),
	(1904, 'Orton Bucklan', 'obucklannd@archive.org', '3 Victoria Road', '89296', 'La Soledad', '1411604439', 'M0O8rTNb', 193),
	(1905, 'Sherilyn Mottinelli', 'smottinelline@army.mil', '144 Declaration Junction', '61853', 'Chatuchak', '4826432450', 'k9JzOgcV', 51),
	(1906, 'Alphonso Holtum', 'aholtumnf@sciencedirect.com', '52642 John Wall Place', '65252', 'Chinch\'ŏn', '7134167267', 'ysz11ZGJ5heB', 217),
	(1907, 'Ancell Clerke', 'aclerkeng@pen.io', '9714 Eagle Crest Center', '32573', 'Argotirto Krajan', '2095783615', '8pSIjVQu', 135),
	(1908, 'Gabey Fusco', 'gfusconh@uol.com.br', '9 Kinsman Crossing', '84473', 'Norrköping', '7945414325', 'SAiyxHiFabu', 64),
	(1909, 'Harri Keig', 'hkeigni@google.co.uk', '10 Fallview Pass', '81037', 'Peza e Madhe', '8136957038', '6jFQPNMEU', 70),
	(1910, 'Isa Charkham', 'icharkhamnj@reuters.com', '44841 Kinsman Lane', '56998', 'Lyon', '9387389318', 'TA4sIqGHyk', 121),
	(1911, 'Hall Gallaher', 'hgallahernk@wufoo.com', '40850 Division Parkway', '90645', 'Marilao', '8196250085', '5nNNT3QQSW', 17),
	(1912, 'Quincey Mussetti', 'qmussettinl@spiegel.de', '1107 Dexter Point', '22271', 'Suure-Jaani', '1044564384', 'sR4Sr8r', 27),
	(1913, 'Clayton Arni', 'carninm@ovh.net', '2 Jay Pass', '46204', 'Tyre', '8254140161', 'iANkajLkXrkP', 229),
	(1914, 'Sabina Straniero', 'sstranieronn@nytimes.com', '63 Westerfield Plaza', '74490', 'Edsbyn', '8108537068', 'lKi3gUdx', 190),
	(1915, 'Jobey Nore', 'jnoreno@xing.com', '6511 Haas Way', '33557', 'Agía Triáda', '5214662025', 'ZFXXIV2', 39),
	(1916, 'Payton Howlin', 'phowlinnp@ow.ly', '35 Manufacturers Avenue', '26749', 'Kalayemule', '6338088795', 'VceYsezGCD', 126),
	(1917, 'Arley Coal', 'acoalnq@ovh.net', '39838 Memorial Plaza', '34439', 'Ake-Eze', '5817351041', '7cK0koFiCH', 131),
	(1918, 'Carrol Jost', 'cjostnr@people.com.cn', '01565 Anderson Parkway', '24347', 'Chutove', '8941259205', 'BEdAfAN1ixb', 136),
	(1919, 'Darya Stapels', 'dstapelsns@drupal.org', '8 Amoth Plaza', '72202', 'Velenje', '9171891333', 'nPxW1V', 250),
	(1920, 'Alfy Bertome', 'abertoment@usatoday.com', '824 Prairieview Center', '57850', 'San Pedro', '8432034719', 'Ugnghy4hg', 148),
	(1921, 'Tomas Matyushonok', 'tmatyushonoknu@cyberchimps.com', '997 Delaware Parkway', '55063', 'Bech', '5808072531', 'ZF4uyhtAUzmk', 64),
	(1922, 'Bink Stearnes', 'bstearnesnv@buzzfeed.com', '2859 Huxley Court', '91876', 'Liljendal', '3698627946', 'vtmnUAuLRQ', 26),
	(1923, 'Freda Tupman', 'ftupmannw@msu.edu', '465 Butternut Hill', '16216', 'Liangshan', '8695058062', 'w9CyRF8aJJ', 111),
	(1924, 'Neysa Redolfi', 'nredolfinx@yale.edu', '4 Pepper Wood Drive', '51455', 'Suncheon', '1723461999', 'bSciMF', 66),
	(1925, 'Huntlee Savidge', 'hsavidgeny@rambler.ru', '8 Lerdahl Park', '38238', 'Taochuan', '6845520153', 'M1UQEu', 60),
	(1926, 'Jedediah McAllan', 'jmcallannz@patch.com', '6 Lake View Trail', '45450', 'Borovan', '2183615567', 'r8IINq', 18),
	(1927, 'Latia Pendre', 'lpendreo0@marriott.com', '92 Ridgeview Crossing', '11843', 'Milwaukee', '4141198884', '7KmBUQ', 106),
	(1928, 'Austen Edmondson', 'aedmondsono1@newyorker.com', '861 Lunder Alley', '84156', 'Littleton', '3033905563', 'zHPvMimZnHU', 51),
	(1929, 'Pincus Ingleson', 'pinglesono2@lycos.com', '7076 Green Ridge Way', '33410', 'La Unión', '6063262984', 'Wyh4lmx5d', 51),
	(1930, 'Vanya Corre', 'vcorreo3@va.gov', '501 Glacier Hill Road', '38868', 'Dayong', '3404283346', 'hQRJoVBv2x7L', 206),
	(1931, 'Pandora Paintain', 'ppaintaino4@guardian.co.uk', '4 Cardinal Avenue', '17786', 'Santa Maria', '5627395522', 'TsDikh4FRt', 99),
	(1932, 'Lewes Kopmann', 'lkopmanno5@army.mil', '80 Valley Edge Lane', '82510', 'Zdovbytsya', '9323061933', 'qPoHn63MUX', 34),
	(1933, 'Karlens Southall', 'ksouthallo6@icio.us', '085 Hoffman Trail', '50066', 'Jabon', '5354687035', '8PxMjAcFBv2w', 122),
	(1934, 'Jehu Fidal', 'jfidalo7@woothemes.com', '552 Killdeer Center', '32822', 'Tuburan', '4208099272', '6qhqMb9Rzk', 134),
	(1935, 'Cletis Dulinty', 'cdulintyo8@cornell.edu', '89 Hoard Drive', '82348', 'Carcavelos', '5064600283', 'o2CRZKSfXQF', 227),
	(1936, 'Cherlyn Doyland', 'cdoylando9@com.com', '92583 Hanson Circle', '75159', 'Pemzashen', '3408070140', 'bRI7D4XIg', 171),
	(1937, 'Raynell Korba', 'rkorbaoa@reuters.com', '13895 Claremont Plaza', '56835', 'Ushuaia', '7638109324', 'aT9EAHWRPGo', 215),
	(1938, 'Nicky Cattach', 'ncattachob@admin.ch', '93 Heath Avenue', '11741', 'Sidorejo', '2586866935', 'v9QYlL', 120),
	(1939, 'Barnett Bettlestone', 'bbettlestoneoc@digg.com', '6 Del Mar Lane', '43468', 'Longaví', '6567093771', '1UAezTNw', 94),
	(1940, 'Anson Argyle', 'aargyleod@ycombinator.com', '22785 Cascade Center', '24756', 'Brudzew', '3177944423', 'OBeFfOhLr3P', 182),
	(1941, 'Petr Barthelet', 'pbartheletoe@desdev.cn', '088 Washington Alley', '15326', 'Biliran', '4954281259', 'OlsWXZAFq7gc', 45),
	(1942, 'Corette Gauson', 'cgausonof@businessinsider.com', '030 Jackson Court', '15808', 'Sabadell', '7812201252', '8CkFDa9', 208),
	(1943, 'Daffy Humbatch', 'dhumbatchog@xinhuanet.com', '27595 Hooker Trail', '42520', 'Silikatnyy', '9958493161', 'dGWzMPQwE', 120),
	(1944, 'Libbie Chattey', 'lchatteyoh@trellian.com', '3 Memorial Trail', '52172', 'Salekhard', '1437741644', 'sgMWqu', 174),
	(1945, 'Merrick Cuddihy', 'mcuddihyoi@theguardian.com', '8938 High Crossing Trail', '79136', 'Balaklava', '3739136978', '2H05fTe', 197),
	(1946, 'Orbadiah Greir', 'ogreiroj@discuz.net', '7680 Green Lane', '75351', 'Burträsk', '7965652380', 'B3hJqhYk8qS', 211),
	(1947, 'Ronica Sallowaye', 'rsallowayeok@over-blog.com', '3765 Bartelt Place', '49672', 'Las Breñas', '6117211630', 'ZEG4ZS9N3lp', 138),
	(1948, 'Kalila Rutledge', 'krutledgeol@dyndns.org', '6935 Tennyson Lane', '81793', 'Bibinje', '9911634517', 'p1nrKiUyo3', 69),
	(1949, 'Barbra Maciejak', 'bmaciejakom@indiatimes.com', '931 Vahlen Hill', '45279', 'Choma', '9276028658', 'HJzkXW2Pp6a', 49),
	(1950, 'Frannie Rasher', 'frasheron@oaic.gov.au', '6573 Corscot Park', '17779', 'Taishihe', '1068128574', '1at2X3', 249),
	(1951, 'Esdras Fincham', 'efinchamoo@de.vu', '85 2nd Junction', '42102', 'Murmuiža', '5935585542', 'Tp4HXpF', 210),
	(1952, 'Phyllida Mattussevich', 'pmattussevichop@hud.gov', '01 Sheridan Junction', '46489', 'Frutillar', '8622726323', '3aFwXjtOry', 59),
	(1953, 'Valentia Abrahim', 'vabrahimoq@360.cn', '4718 Del Sol Crossing', '44119', 'Ransang', '2649718100', 'ADDft9pQc', 186),
	(1954, 'Jon Moresby', 'jmoresbyor@amazon.co.uk', '3 Eagan Terrace', '26603', 'Mlawe', '7085761949', 'rwJjPL1NBhwp', 85),
	(1955, 'Diego Lamyman', 'dlamymanos@naver.com', '56 Hintze Plaza', '78061', 'Trollhättan', '8543545028', 'ZkoiGz42zSa', 27),
	(1956, 'Lu Rapps', 'lrappsot@bloglovin.com', '365 Northwestern Terrace', '31749', 'Flor da Mata', '1024885586', 'UiPuYHsWBvy', 61),
	(1957, 'Cosette Sumsion', 'csumsionou@prlog.org', '88 Ridge Oak Way', '59181', 'Goba', '9056241214', 'X2qrH8go', 54),
	(1958, 'Ulysses Sleeman', 'usleemanov@clickbank.net', '51 Division Park', '28613', 'Yeniköy', '1085621898', 'YEm543', 158),
	(1959, 'Christye Alty', 'caltyow@nsw.gov.au', '3 Forest Dale Pass', '15259', 'Satinka', '3886542704', 'GZolkX', 73),
	(1960, 'Sabina Ruddock', 'sruddockox@telegraph.co.uk', '99349 Trailsway Place', '49149', 'Skolkovo', '7533384816', 'bJJumaQ6sDji', 36),
	(1961, 'Bartlet Tatham', 'btathamoy@sakura.ne.jp', '27 Forest Dale Lane', '17574', 'Liquan Chengguanzhen', '7701417831', 'FLxqCB90tqF', 118),
	(1962, 'Wilbert Pinchback', 'wpinchbackoz@tuttocitta.it', '4 Sunnyside Parkway', '93564', 'Garoua', '2551988672', '9ukOYAes7', 169),
	(1963, 'Bronny Checcuzzi', 'bcheccuzzip0@narod.ru', '4833 Vahlen Circle', '93632', 'Vallenar', '5872133006', 'K68b1Dg', 218),
	(1964, 'Arly Paszek', 'apaszekp1@surveymonkey.com', '9838 Linden Alley', '84212', 'La Cruz de Taratara', '6344179480', 'UfVo8bEf9Sv', 120),
	(1965, 'Melodee Wedderburn', 'mwedderburnp2@marketwatch.com', '760 Bonner Court', '29239', 'Pasarkuok', '6555775411', 'dOS4RCIry', 19),
	(1966, 'Dacie Marklow', 'dmarklowp3@networkadvertising.org', '61 Dahle Plaza', '47252', 'Cluain Meala', '7801596242', 'iSpcyHfvuUWe', 81),
	(1967, 'Thomasin Call', 'tcallp4@livejournal.com', '85962 Commercial Place', '41368', 'San Francisco', '1615196197', 'drnTTA3B', 139),
	(1968, 'Devy Stanett', 'dstanettp5@hud.gov', '4313 La Follette Plaza', '95148', 'Amagbagan', '7584816231', 'khDErqgDsHw', 28),
	(1969, 'Robinett Islep', 'rislepp6@squarespace.com', '610 Towne Point', '29530', 'Severo-Zadonsk', '5965775547', 'o2Rm5Z8COf', 112),
	(1970, 'Brook Cockburn', 'bcockburnp7@tiny.cc', '820 Homewood Pass', '66016', 'Somita', '7404470597', '0Ejigcf4', 226),
	(1971, 'Jarred Brok', 'jbrokp8@ameblo.jp', '9 Schlimgen Trail', '17136', 'Dunkerque', '7282772010', 'co64yPyF9Y', 139),
	(1972, 'Glynda Cousin', 'gcousinp9@sogou.com', '82613 Elmside Trail', '65384', 'Baizhu', '6836928297', 'MpdPPW', 60),
	(1973, 'Aidan Sissel', 'asisselpa@nasa.gov', '1 Bartelt Court', '35814', 'Antigonish', '3203188033', 'RDZcbI', 145),
	(1974, 'Colette Dallaway', 'cdallawaypb@pen.io', '8 Charing Cross Street', '94458', 'København', '4546863856', 'C5LWQkmk', 125),
	(1975, 'Hilton Crowcroft', 'hcrowcroftpc@e-recht24.de', '1 Golf Drive', '72705', 'Aanislag', '6996505723', 'CEQwUCNmI', 155),
	(1976, 'Thibaut Deer', 'tdeerpd@canalblog.com', '81121 Lotheville Terrace', '40272', 'Badulla', '5759343832', 'kV16Z3', 104),
	(1977, 'Verge Spofforth', 'vspofforthpe@reverbnation.com', '06 Fisk Point', '69224', 'Qiankou', '3084646520', 'XWOATifZr', 117),
	(1978, 'Orelie Bull', 'obullpf@ustream.tv', '946 Superior Point', '59547', 'Doubrava', '7087248757', 'keM5O68blhrB', 194),
	(1979, 'Moreen Biddlestone', 'mbiddlestonepg@com.com', '765 Melody Way', '41747', 'Lázně Kynžvart', '3621440894', '4Byr0s3', 231),
	(1980, 'Dael Bodker', 'dbodkerph@yale.edu', '34 Corry Place', '38734', 'Calango', '6045510919', 'bFgZbxC', 165),
	(1981, 'Annnora Eglese', 'aeglesepi@reddit.com', '43 Pearson Pass', '32595', 'Hongmen', '8743306823', '5EUTg2g', 67),
	(1982, 'Sheree Glenn', 'sglennpj@ask.com', '351 John Wall Way', '56857', 'Rio de Mouro', '7315501500', 'UXC7clV2a8Y', 154),
	(1983, 'Bendite Morman', 'bmormanpk@163.com', '4 Red Cloud Place', '20492', 'Arcos', '8466568590', 'Gtastw3KuC', 94),
	(1984, 'Rhoda Brelsford', 'rbrelsfordpl@gnu.org', '0353 Hooker Street', '95815', 'Cungapmimbo', '4877222741', 'ITEQsxgcEjB', 155),
	(1985, 'Truman Bruntje', 'tbruntjepm@who.int', '26408 Emmet Circle', '34080', 'Bolesławiec', '2949671821', 'nyTJXhg', 242),
	(1986, 'Ezequiel Shorrock', 'eshorrockpn@discovery.com', '6033 Summit Junction', '22750', 'Horta', '4387570258', 'uLudIXg1biJx', 204),
	(1987, 'Kristan Pley', 'kpleypo@nba.com', '6 Moland Point', '47196', 'Bosaso', '8047736696', 'ax8RB0pcP', 72),
	(1988, 'Nikolaos Danhel', 'ndanhelpp@google.com.au', '94 Pepper Wood Street', '98458', 'Shchukino', '7499393563', 'W6knTbBserl', 34),
	(1989, 'Nettle Ros', 'nrospq@goodreads.com', '9058 1st Point', '43294', 'Hongqiao', '7898653970', 'RDCIEpn', 61),
	(1990, 'Fritz Dunne', 'fdunnepr@tamu.edu', '71 Sherman Place', '59504', 'Laspezia', '8332177762', '6oWF4O0', 138),
	(1991, 'Fairleigh Paddon', 'fpaddonps@mail.ru', '9351 Fairfield Hill', '56959', 'Galán', '1431609497', 'G5YvCHI4CM', 99),
	(1992, 'Malinda Shird', 'mshirdpt@php.net', '3 Hoffman Parkway', '93498', 'Unanu', '4743251316', 'Gg5SCZ4l', 27),
	(1993, 'Lulu Sumers', 'lsumerspu@barnesandnoble.com', '31 Sundown Road', '15212', 'Kozhanka', '6604699289', 'FBKqAfg1', 95),
	(1994, 'Jolynn Spoors', 'jspoorspv@blogtalkradio.com', '298 Victoria Point', '88951', 'Dahu', '4775676327', 'LD2b0KS', 254),
	(1995, 'Kalli Fullun', 'kfullunpw@ow.ly', '36773 Forest Run Point', '50549', 'Jenggawah', '4262659313', 'WzTD8f', 56),
	(1996, 'Elsey Lewnden', 'elewndenpx@gmpg.org', '8699 Surrey Place', '15533', 'Hezuo', '7322869083', 'kjGLaxff5I', 205),
	(1997, 'Hurleigh Critten', 'hcrittenpy@unicef.org', '7259 Hollow Ridge Street', '42632', 'Berlin', '4884108660', 'a0DOJzSt2i', 70),
	(1998, 'Muffin Saywood', 'msaywoodpz@marketwatch.com', '99172 Almo Pass', '83705', 'Shakhun’ya', '8228864241', 'UFS7C6JmJF', 44),
	(1999, 'Adelaide Phillcock', 'aphillcockq0@irs.gov', '47633 Kipling Center', '88215', 'Xindong', '5771191826', 'D7khvgi', 81),
	(2000, 'Blythe Bramble', 'bbrambleq1@skype.com', '1568 Schmedeman Park', '51165', 'Arıqıran', '8048208354', 'IfKVwtY', 128),
	(2001, 'Aguste Tremathick', 'atremathickq2@mlb.com', '9 Golf View Avenue', '25616', 'Siak Sri Indrapura', '4065450914', 'i22DJAZmql', 161),
	(2002, 'Jeffry Mixon', 'jmixonq3@time.com', '6 Golf Center', '32787', 'Blagoevgrad', '4253074367', '1W3XeKENi', 205),
	(2003, 'Alexandros Loughman', 'aloughmanq4@bloglines.com', '201 Jenna Alley', '39024', 'Biaokou', '6088962113', '3eWIxKc3KAlO', 217),
	(2004, 'Petronille Cribbins', 'pcribbinsq5@youtu.be', '13394 Northwestern Pass', '59490', 'Lypova Dolyna', '1389875981', '02TzMLSrZf3', 76),
	(2005, 'Alejoa Trigg', 'atriggq6@dot.gov', '104 Hermina Crossing', '34882', 'Pira', '6941121016', 'ODBeD0etmy', 148),
	(2006, 'Leonerd Maunton', 'lmauntonq7@theguardian.com', '2568 Washington Pass', '85434', 'Al Jadīd', '1763952673', 'g4Px0ggA8SX', 261),
	(2007, 'Ethyl Wilcot', 'ewilcotq8@cafepress.com', '925 Hagan Trail', '45910', 'Kropotkin', '7917621931', '5w3qHoJM3C', 75),
	(2008, 'Timoteo Harriskine', 'tharriskineq9@ovh.net', '6 Magdeline Point', '33058', 'Shinao', '3993669203', 'nWjEKj2DmDL', 25),
	(2009, 'Pattin Dewsbury', 'pdewsburyqa@amazon.co.uk', '96287 Park Meadow Road', '82972', 'Santana do Livramento', '2726117167', 'rqpBjl4J', 159),
	(2010, 'Dynah Porter', 'dporterqb@harvard.edu', '252 Tennessee Junction', '33246', 'Néa Tríglia', '5035411401', 'DaWmzgu2', 182),
	(2011, 'Katuscha Ridwood', 'kridwoodqc@smugmug.com', '3241 Schurz Plaza', '43405', 'Povorino', '8573186610', '3YXuNNM4', 177),
	(2012, 'Jacquenetta Woodman', 'jwoodmanqd@ehow.com', '18497 Lukken Hill', '62103', 'Orlovat', '1393873210', 'gHbDq2oTO', 95),
	(2013, 'Natalie Sarah', 'nsarahqe@businessweek.com', '36 Green Parkway', '90343', 'Xagqu', '8756501585', 'R5BpeuDx0wV', 87),
	(2014, 'Jermain Simukov', 'jsimukovqf@newsvine.com', '9 Sheridan Junction', '97834', 'Anār', '5412319926', '4f2hVe3lP4', 145),
	(2015, 'Frans Britt', 'fbrittqg@ucoz.ru', '2641 Ludington Terrace', '21629', 'Tyachiv', '4411722475', 'FHSxlSb8CG', 72),
	(2016, 'Richmond Shilston', 'rshilstonqh@forbes.com', '848 Ludington Pass', '15076', 'Breu', '8724094374', '6sAbzCYGT50U', 87),
	(2017, 'Antonin Allwell', 'aallwellqi@moonfruit.com', '93502 Oneill Court', '37155', 'Emiliano Zapata', '8979452767', 'JTrjboy', 196),
	(2018, 'Janith Lomasna', 'jlomasnaqj@dyndns.org', '88389 Vermont Hill', '83388', 'Lebedyn', '6513595082', 'SXl7BrBVnJI', 161),
	(2019, 'Gaby Truckell', 'gtruckellqk@unesco.org', '40 Sunfield Center', '36513', 'Aravissós', '8822597607', 'rTk8bGpsv7C', 186),
	(2020, 'Sheeree Clarricoates', 'sclarricoatesql@indiatimes.com', '6994 Fairview Lane', '26104', 'Ermelo', '3647002242', 'yuzHiUv', 51),
	(2021, 'Valentin Maywood', 'vmaywoodqm@fda.gov', '31256 Marcy Point', '89495', 'Kraśnik', '8356630376', '3msKFf3CH', 251),
	(2022, 'Kerry Warsap', 'kwarsapqn@baidu.com', '1818 Oneill Drive', '75447', 'Guisguis', '9572543359', 'SQy1RSW', 68),
	(2023, 'Joachim Price', 'jpriceqo@bloomberg.com', '303 Dahle Street', '36573', 'Waihi Beach', '4748614109', 'jyJx56Q', 31),
	(2024, 'Clemence Bricknell', 'cbricknellqp@google.com.au', '78037 Toban Point', '95175', 'Horrom', '2793995174', 'BIy9eWM', 182),
	(2025, 'Tedi Claricoats', 'tclaricoatsqq@devhub.com', '86 Weeping Birch Circle', '43135', 'Kaducondong', '4393676497', 'E5FweN7y6', 158),
	(2026, 'Immanuel Morfett', 'imorfettqr@elegantthemes.com', '50 Briar Crest Way', '84363', 'Sandwīp', '6322800176', '379Nf24T5m', 26),
	(2027, 'Chadwick Cracie', 'ccracieqs@google.cn', '11821 Gale Way', '92486', 'Thị Trấn Nga Sơn', '3595486699', '4PuUirbXDOUC', 45),
	(2028, 'Darsie Ruggs', 'druggsqt@free.fr', '8166 Grim Circle', '65348', 'Duisburg', '6453411415', 'tmVTUAu', 163),
	(2029, 'Rayner Sicily', 'rsicilyqu@fc2.com', '017 Onsgard Road', '86637', 'Ete', '2363756866', 'xC1T4080', 91),
	(2030, 'Bartie Melling', 'bmellingqv@reverbnation.com', '97 Anderson Center', '53454', 'Ekibastuz', '7045966050', 'mvdv4fJxm', 198),
	(2031, 'Holly Cleef', 'hcleefqw@skype.com', '45695 Corscot Terrace', '31102', 'Xintaimen', '9017210063', 'grmCg7GV9', 221),
	(2032, 'Philippa Bletso', 'pbletsoqx@addthis.com', '74857 Bobwhite Lane', '70738', 'Yixing', '7572496516', 'fJ5oIHS', 186),
	(2033, 'Arlena Atkinson', 'aatkinsonqy@baidu.com', '044 Parkside Court', '36102', 'Tajao', '9438799198', 'oclGj6z', 74),
	(2034, 'Terrijo Marples', 'tmarplesqz@google.pl', '108 Badeau Drive', '76191', 'Shuangyang', '2473156453', 'iEBCVw', 20),
	(2035, 'Laina Darben', 'ldarbenr0@live.com', '953 Shelley Way', '29734', 'Nynäshamn', '1351386610', '6eIX95BgUdy3', 61),
	(2036, 'Kahlil Llewelyn', 'kllewelynr1@about.me', '36 Center Center', '43547', 'Río Campo', '9229320150', 'DsFwoz', 166),
	(2037, 'Katleen Chrismas', 'kchrismasr2@tumblr.com', '8 Roxbury Hill', '57811', 'Bắc Kạn', '6094257357', 'PcF70n84', 22),
	(2038, 'Lulu Swyer', 'lswyerr3@earthlink.net', '00847 Sherman Way', '30917', 'Quichuay', '1305309951', 'a3YXrw5o8Rd', 70),
	(2039, 'Berte Hildred', 'bhildredr4@guardian.co.uk', '89040 Lerdahl Hill', '97679', 'Selishche', '5236477900', '3loTXZ1', 198),
	(2040, 'Maxie Breton', 'mbretonr5@usatoday.com', '8 Shelley Place', '22324', 'Burgaltay', '9724539551', 'sNpXrGfw1', 233),
	(2041, 'Barnard Happel', 'bhappelr6@feedburner.com', '22641 Veith Terrace', '37717', 'Xuwei', '2943340855', 'ylUlqs', 74),
	(2042, 'Ash Rewcassell', 'arewcassellr7@soup.io', '3 Nelson Trail', '48789', 'Suodenniemi', '5377466685', '5wkxGZent9', 36),
	(2043, 'Sadie Hannent', 'shannentr8@intel.com', '7 Walton Pass', '50339', 'Sundsvall', '3717776674', '3LXCi4d', 190),
	(2044, 'Sigfrid Gianilli', 'sgianillir9@slate.com', '2931 Rowland Place', '31192', 'Antony', '7185798409', 'IjU964', 76),
	(2045, 'Chandra Osgarby', 'cosgarbyra@feedburner.com', '84 Dennis Pass', '36540', 'Homa Bay', '9203047368', 'naJvyv2TQfr', 62),
	(2046, 'Isabella Berriman', 'iberrimanrb@goo.gl', '44517 Utah Center', '15483', 'Sangongqiao', '8453204014', 'sE8hgjAuX', 235),
	(2047, 'Domenic Steger', 'dstegerrc@wp.com', '109 Schlimgen Plaza', '27076', 'Majiadu', '6006980088', 'ZxR1Auy', 258),
	(2048, 'Jenine Melody', 'jmelodyrd@sourceforge.net', '212 Upham Trail', '27541', 'Wielka Wieś', '3622258390', 'MpkrYq4', 197),
	(2049, 'Hobey Garfield', 'hgarfieldre@xing.com', '1047 Center Parkway', '69450', 'Yambio', '7675285445', 'v9rhaXNw', 45),
	(2050, 'Viviana Agass', 'vagassrf@vistaprint.com', '7 Carpenter Circle', '99729', 'Uryupinsk', '8289689506', 'eAUHofVWRYe', 208),
	(2051, 'Riobard Neem', 'rneemrg@ox.ac.uk', '42 Loftsgordon Terrace', '35512', 'Tampocon', '2684257297', 'hg8l9GzeD', 110),
	(2052, 'Louie Delong', 'ldelongrh@zdnet.com', '6 Killdeer Point', '96283', 'Saiki', '2303169811', 'FjSw7prwz', 238),
	(2053, 'Tibold Lebourn', 'tlebournri@com.com', '595 5th Pass', '58131', 'Velký Újezd', '7131531858', 'KO8Gg16BM', 86),
	(2054, 'Bax Shutle', 'bshutlerj@arizona.edu', '2 Rigney Junction', '31947', 'Sumalig', '5279021782', 'gd1HWqj7reJw', 28),
	(2055, 'Annadiana Stollenwerck', 'astollenwerckrk@uiuc.edu', '090 Harper Trail', '67318', 'Hexi', '8339244313', '9pnjKnQenzuV', 46),
	(2056, 'Urban Jahan', 'ujahanrl@goodreads.com', '0 Dovetail Junction', '62644', 'Barcelona', '3359186053', '3MJiDFuQb', 80),
	(2057, 'Mano Woodfine', 'mwoodfinerm@nps.gov', '06262 Crowley Drive', '84944', 'Ágios Spyrídon', '9206604065', 'yHQdjMnJQ', 169),
	(2058, 'Tuesday Cowlishaw', 'tcowlishawrn@google.de', '851 Lawn Junction', '85846', 'Xinhuang', '1449287241', 'w4AOwvwgn', 134),
	(2059, 'Elfrieda Ixer', 'eixerro@about.me', '9 Harper Plaza', '82395', 'Manicaragua', '5658816088', '662O8n1qN', 237),
	(2060, 'Deloria MacNeilly', 'dmacneillyrp@scientificamerican.com', '6 Hauk Street', '42910', 'Korba', '2869023346', 'vfPuWfv', 205),
	(2061, 'Daniela Buddock', 'dbuddockrq@economist.com', '18964 Morningstar Alley', '66950', 'Nangakeo', '4178183288', 'A9rt4HiTL', 135),
	(2062, 'Melantha Dobbie', 'mdobbierr@eventbrite.com', '846 Morning Drive', '80618', 'Mariental', '6284872654', 'oHY1qTSfR2', 194),
	(2063, 'user', 'user', 'uservejen 1', '11111', 'usercity', '012345678', 'user', 227),
	(2065, 'Snurre Sprätt2', 'snurra2@spratt.se', 'Hålvägen 2', '11122', 'Hålihuvetstaden', '112236344', 'tjosanhejsa2n', 18);
/*!40000 ALTER TABLE `user` ENABLE KEYS */;

-- Dumping structure for table hoolitels.users
CREATE TABLE IF NOT EXISTS `users` (
  `id` int(11) unsigned NOT NULL AUTO_INCREMENT,
  `email` varchar(255) NOT NULL DEFAULT '',
  `password` varchar(255) DEFAULT '',
  `first_name` varchar(255) DEFAULT NULL,
  `last_name` varchar(255) DEFAULT NULL,
  PRIMARY KEY (`id`)
) ENGINE=InnoDB AUTO_INCREMENT=3 DEFAULT CHARSET=utf8;

-- Dumping data for table hoolitels.users: ~2 rows (approximately)
/*!40000 ALTER TABLE `users` DISABLE KEYS */;
INSERT INTO `users` (`id`, `email`, `password`, `first_name`, `last_name`) VALUES
	(1, 'ben@node.se', 'abc123', 'Ben', 'Node'),
	(2, 'bob@node.se', 'abc123', 'Bob', 'Node');
/*!40000 ALTER TABLE `users` ENABLE KEYS */;

-- Dumping structure for view hoolitels.vwhotelroombookings
-- Creating temporary table to overcome VIEW dependency errors
CREATE TABLE `vwhotelroombookings` (
	`HotelId` INT(11) NOT NULL,
	`name` VARCHAR(50) NOT NULL COLLATE 'utf8mb4_general_ci',
	`RoomId` INT(11) NULL,
	`RBId` INT(11) NULL,
	`BookingId` INT(11) NULL,
	`start_date` DATE NULL,
	`end_date` DATE NULL
) ENGINE=MyISAM;

-- Dumping structure for view hoolitels.vwhotelroombookings
-- Removing temporary table and create final VIEW structure
DROP TABLE IF EXISTS `vwhotelroombookings`;
CREATE ALGORITHM=UNDEFINED SQL SECURITY DEFINER VIEW `vwhotelroombookings` AS SELECT hotel.id AS HotelId, hotel.name, room.id AS RoomId, roombooking.id AS RBId, booking.id AS BookingId, booking.start_date, booking.end_date FROM hotel  
LEFT JOIN room ON hotel.id = room.hotel_id
LEFT JOIN roombooking ON room.id = roombooking.room_id
LEFT JOIN booking ON roombooking.booking_id = booking.id
WHERE roombooking.id IS NOT NULL
ORDER BY HotelId, room.id, booking.start_date ;

/*!40101 SET SQL_MODE=IFNULL(@OLD_SQL_MODE, '') */;
/*!40014 SET FOREIGN_KEY_CHECKS=IF(@OLD_FOREIGN_KEY_CHECKS IS NULL, 1, @OLD_FOREIGN_KEY_CHECKS) */;
/*!40101 SET CHARACTER_SET_CLIENT=@OLD_CHARACTER_SET_CLIENT */;
